smile,Tm/K,Tb/K,density/(g/cm3),flash_point/K,NHOC/(MJ/kg),Isp/s
C1CC1,240.34999999999997,145.74999999999997,1.1358,162.6,46.02605012,347.0892958
C1CCC1,193.14999999999998,286.22999999999996,0.7125,204.239,45.29111822,344.307029
C1CCCC1,179.24999999999997,322.34999999999997,0.7457,236.141,43.8542456,338.8013947
C1C2CC12,137.227,280.95,1.04,198.942,45.7368123,352.7707331
C1CCCCC1,279.62,353.84999999999997,0.7781,262.257,43.56919109,337.6984876
C1C2CC1C2,167.115,322.25,0.976,232.623,45.4199175,350.1240685
C1CC12CC2,407.75,312.15,0.7551,217.602,44.95813543,348.3396743
C1CC2CC12,298.15,318.65,0.976,232.623,48.38893471,361.386418
C1CCCCCC1,261.15,391.63,0.8098,284.51,43.8814319,338.906394
C12C3C1C23,151.438,282.45,1.576,192.847,48.41899966,370.9547932
C1CC2CC1C2,294.95,344.04999999999995,0.939,259.812,43.71213558,342.5690286
C1CC2CC2C1,191.954,351.15,0.8178,259.812,43.50629711,341.7615057
C1CC2CCC12,191.954,347.493,0.827,259.812,44.372141334783436,345.14554938983423
C1CCCCCCC1,287.95,422.15,0.891,303.985,44.03015628,339.4802245
C1C23CC12C3,116.733,343.04999999999995,1.2,194.122,45.36584309,355.8441067
C1C2C3C1C23,178.819,318.75,1.302,228.58,45.63387717,356.8937718
C1CC2CCC1C2,360.65,378.45,0.914,282.769,42.79010333,338.3036476
C1CC2CCC2C1,213.206,382.15,0.8522,282.769,43.41600922,340.7689085
C1CCC2CC2C1,298.15,389.65,0.8576,282.769,44.53364568,345.1271599
C1CCCCCCCC1,282.84999999999997,342.15,0.8534,321.359,44.15173473,339.948597
C1C2C1C1CC21,201.903,351.65,1.169,256.987,44.04492141,348.6056804
C1C2CC3C1C23,201.903,339.187,0.909,256.987,44.22131820437289,349.30305344819726
C1CC2(C1)CC2,166.74,343.15,0.855,247.752,44.37382815,345.1521097
C1CC2C3C1C23,201.903,339.15,1.169,256.987,43.50390791,346.4580649
C1CC2CCC1CC2,442.15,413.65,0.896,302.733,42.74619491,337.6605904
C1CC2CCCC2C1,243.14999999999998,405.15,0.896,302.733,43.01830131,338.7335965
C1CCC2CC2CC1,231.777,416.15,0.896,302.733,43.59868861,341.0109762
C1CCC2CCC2C1,231.777,409.15,0.8573,302.733,43.32379589,339.9342275
C1CCCCCCCCC1,283.15,475.15,0.8577,337.08,44.12068686,339.8290486
C12C3C4C1C234,164.016,340.54999999999995,1.68,206.866,46.22789668,365.9162456
C1C2CC1C1CC21,221.858,378.15,1.091,280.735,43.79787611,346.2334076
C1C2CC2C2CC12,221.858,378.15,0.89,280.735,43.25342409,344.0746615
C1C2CC3C1C3C2,329.15,379.15,1.091,280.735,42.21293374,339.9109948
C1C2CC3CC1C23,221.858,375.897,0.963,280.735,43.78865047363757,346.1969401147025
C1CC12CC21CC1,178.125,399.15,1.06,258.656,44.48346086,348.9327465
C1CC2(C1)CCC2,191.637,369.15,0.9,272.684,44.1492608,343.6344776
C1CC23CC1C2C3,201.607,402.75,1.29,270.196,45.05278032,351.158547
C1CC2C1C1CC21,221.858,375.897,0.963,280.735,44.24262992350766,347.98691350766023
C1CC2C1C21CC1,201.607,390.75,1.05,270.196,44.24362772,347.9908375
C1CC2C3CC1C23,221.858,381.84999999999997,1.091,280.735,43.12975594,343.5824284
C1CC2C3CC23C1,201.607,390.75,1.05,270.196,43.71297235,345.8976518
C1CC2C3CC2C13,221.858,381.84999999999997,1.091,280.735,43.5551387,345.2726238
C1CC2CC(C1)C2,321.15,383.15,0.914,282.769,43.47255005,340.9907286
C1CC2CC23CC13,201.607,390.75,1.05,270.196,43.84241001,346.4093887
C1CCC2(C1)CC2,191.637,375.15,0.8378,272.684,43.48425114,341.0366162
C1CCC2CCC2CC1,248.269,439.65,0.882,320.459,43.52173801,340.3445488
C1CCC2CCCC2C1,220.14999999999998,440.15,0.879,320.459,42.85304705,337.7198112
C1CCCC2CC2CC1,248.269,316.15,0.882,320.459,43.88436021,341.7594794
C1CCCCCCCCCC1,265.84999999999997,378.25,0.8591,351.466,44.12851916,339.8592105
C12C3C1C1C2C31,211.224,352.95,1.577,253.772,45.37798961,359.1167867
C1C23CC1(C2)C3,150.601,295.603,0.974,230.091,59.89644976401579,406.5248333706736
C1C2CC1C1CC1C2,239.431,409.75,1.04,301.245,43.1859345,342.7920665
C1C2CC1C1CC2C1,369.15,409.75,1.04,301.245,44.15859261,346.6308508
C1C2CC3CC1C3C2,384.15,409.75,1.04,301.245,42.39252047,339.6285732
C1C2CC3CC2CC13,239.431,409.75,1.04,301.245,42.80981059,341.2960441
C1C2CC3CC3CC12,239.431,409.75,1.04,301.245,45.4218401,351.553935
C1CC12CCC21CC1,201.31,425.95,1.02,282.504,43.89528401,345.5958614
C1CC23CC1CC2C3,221.599,417.75,1.02,292.236,43.52828607,344.1481069
C1CC23CCC12CC3,201.31,376.176,1.069,282.504,45.47474632408898,351.7586160102488
C1CC23CCC2CC13,221.599,392.336,1.034,292.236,43.83270264024405,345.3494160305998
C1CC2C1C1CCC21,239.431,407.4,1.001,301.245,44.05753281196291,346.2339799827563
C1CC2C1CC1CC12,239.431,409.75,1.04,301.245,43.08397714,342.3871798
C1CC2C3CC1C2C3,239.431,409.75,1.04,301.245,42.68269745,340.7889704
C1CC2C3CC1CC23,239.431,409.75,1.04,301.245,42.26300576,339.1093714
C1CC2C3CC2C3C1,239.431,407.4,1.001,301.245,43.53049843942179,344.1568526192066
C1CC2C3CCC1C23,239.431,341.15,1.04,301.245,42.4497699,339.8578233
C1CC2C3CCC23C1,221.599,417.75,1.02,292.236,43.21021212,342.8884059
C1CC2C3CCC2C13,239.431,396.15,1.04,301.245,42.62457472,340.5568584
C1CC2CC1C1CC21,239.431,409.15,1.04,301.245,42.89003257,341.6156745
C1CC2CC23CC3C1,221.599,417.75,1.02,292.236,44.34484246,347.3610825
C1CC2CC23CCC13,221.599,417.75,1.02,292.236,43.1896654,342.8068734
C1CC2CC2C2CC12,239.431,409.75,1.04,301.245,43.01333717,342.1063777
C1CC2CC3C1CC23,239.431,407.4,1.001,301.245,43.04848083803632,342.246106647129
C1CC2CC3CC23C1,221.599,417.75,1.02,292.236,43.2307831,342.9700152
C1CC2CCC(C1)C2,406.65,430.15,0.8714,302.733,42.9210422,338.3504623
C1CCC2(C1)CCC2,212.931,420.75,0.89,294.06,43.44850853,340.4231462
C1CCC2(CC1)CC2,212.931,398.65,0.8282,294.06,43.52269122,340.7136365
C1CCC2CC(C1)C2,231.777,413.65,0.896,302.733,43.42643711,340.3366694
C1CCC2CCCC2CC1,263.1,353.15,0.8768,336.443,42.98481889,337.9500695
C1CCC2CCCCC2C1,230.14999999999998,462.15,0.8965,336.443,42.83294137,337.3525046
C1CCCC2CC2CCC1,311.15,315.15,0.7975,336.443,43.79244052,341.1100884
C1CCCC2CCC2CC1,263.1,464.04999999999995,0.872,336.443,43.59443598,340.3380617
C1CCCCCCCCCCC1,333.54999999999995,333.54999999999995,0.82,364.747,44.12760899,339.8557056
C1C2C1C1C3C2C13,230.031,377.15,1.37,278.405,43.39406282,348.9075878
C1C2C3C2C2C1C32,230.031,385.15,1.37,278.405,43.01548626,347.3822917
C1C2C3C4CC13C24,210.945,350.549,1.123,267.38,46.183652515259,359.947694322135
C1C2C3C4CC14C23,210.945,391.84999999999997,1.28,267.38,46.62662582,361.6698048
C1C2CC3CC1CC2C3,474.15,435.75,1.004,319.365,41.92606804,336.9911177
C1C2CC3CC1CC3C2,435.75,474.15,1.004,319.365,41.92675521,336.9938793
C1CC23CC2(C1)C3,178.125,399.84999999999997,1.06,258.656,43.77980386,346.1619673
C1CC23CCC1C2CC3,239.202,421.737,1.06,311.493,43.28571102128255,342.4117541407773
C1CC2C1CC1CCC12,255.132,435.75,1.004,319.365,43.1621325,341.9226207
C1CC2C1CCC21CC1,239.202,443.15,0.99,311.493,43.20763159,342.1027909
C1CC2C3C(C1)C23,221.858,382.15,0.897,280.735,43.40518723,344.6777597
C1CC2C3CC1CC2C3,405.15,435.75,1.004,319.365,42.44962544,339.0887005
C1CC2C3CCC1CC23,255.132,435.75,1.004,319.365,42.46414186,339.1466743
C1CC2C3CCC2C1C3,255.132,362.15,1.004,319.365,42.12199674,337.7776126
C1CC2C3CCCC23C1,239.202,443.15,0.99,311.493,42.50562531,339.3122909
C1CC2CC1C1CC2C1,382.15,435.75,1.004,319.365,43.15019297,341.8753259
C1CC2CC1C1CCC21,255.132,435.75,1.004,319.365,42.62463848,339.7869858
C1CC2CC1CC1CC21,255.132,435.75,1.004,319.365,43.85642962,344.6616977
C1CC2CC1CC21CC1,239.202,340.15,0.89,311.493,42.70964971,340.1256552
C1CC2CC2C2CC2C1,255.132,435.75,1.004,319.365,44.62930007,347.6853763
C1CC2CC2C2CCC12,255.132,435.75,1.004,319.365,44.01911659,345.3003733
C1CC2CC2CC2CC12,255.132,435.75,1.004,319.365,43.27341073,342.3630999
C1CC2CC3CC1C2C3,371.15,366.15,1.004,319.365,42.00474875,337.3071773
C1CC2CC3CC1CC23,255.132,435.75,1.004,319.365,42.42518804,338.9910831
C1CC2CC3CC2CC13,438.15,435.75,1.004,319.365,42.44275377,339.0612538
C1CC2CC3CC3C2C1,255.132,435.75,1.004,319.365,42.82679464,340.5917877
C1CC2CC3CC3CC12,255.132,435.75,1.004,319.365,43.99968262,345.2241417
C1CC2CC3CCC1C23,255.132,435.75,1.004,319.365,42.51432658,339.3470193
C1CC2CC3CCC23C1,239.202,421.737,1.06,311.493,43.832481811058166,344.56758360589356
C1CC2CCC(C1)CC2,397.15,441.15,0.882,320.459,42.96554127,338.1627974
C1CC2CCC1C1CC21,255.132,435.75,1.004,319.365,42.65206077,339.8962681
C1CC2CCC1C21CC1,239.202,443.15,0.99,311.493,42.75251179,340.2962822
C1CC2CCC23CCC13,239.202,443.15,0.99,311.493,43.10837879,341.7096407
C1CC2CCC3C1CC23,255.132,435.75,1.004,319.365,42.56141905,339.534912
C1CC2CCC3CC23C1,239.202,443.15,0.99,311.493,42.5852294,339.6298726
C1CC2CCCC(C1)C2,418.65,442.65,0.882,320.459,43.06969084,338.572407
C1CCC2(C1)CCCC2,231.535,333.15,0.8631,312.847,42.94126363,338.0672447
C1CCC2(CC1)CCC2,231.535,429.15,0.846,312.847,43.51210047,340.3068634
C1CCC2C3CC23CC1,239.202,443.15,0.99,311.493,43.84985427,344.6358594
C1CCC2CC(CC1)C2,248.269,439.65,0.882,320.459,43.78675959,341.3792243
C1CCC2CCC(C1)C2,338.15,430.15,0.882,320.459,42.95151382,338.107591
C1CCC2CCCCC2CC1,276.575,361.65,0.9014,351.031,43.05729606,337.9997907
C1CCCC2(CC1)CC2,231.535,430.15,0.8548,312.847,43.55673902,340.4813771
C1CCCC2CCC2CCC1,276.575,487.15,0.864,351.031,43.74142689,340.674422
C1CCCC2CCCC2CC1,276.575,487.15,0.864,351.031,43.26389506,338.8097214
C1CCCCC2CC2CCC1,276.575,487.15,0.864,351.031,43.74656257,340.6944207
C1CCCCCCCCCCCC1,296.65,401.15,0.79,377.095,44.00486648,339.3827161
C1C2C1C1C3CC2C31,246.708,343.15,0.94,299.522,42.90624494,345.3070088
C1C2C3CC4C1C2C34,246.708,401.083,1.122,299.522,43.66421714397781,348.34371460151874
C1C2C3CC4C1C4C23,246.708,408.25,1.249,299.522,41.84855931,341.0243543
C1C2C3CC4C2C4C13,246.708,408.25,1.249,299.522,42.24694953,342.6437525
C1C2CC3(CC3)CC12,221.599,417.75,1.02,292.236,43.11873432,342.5252591
C1C2CC3C1C1C2C31,246.708,408.25,1.249,299.522,42.38903224,343.2194495
C1C2CC3C4C1C2C34,246.708,401.083,1.122,299.522,42.882416181204135,345.21110926479605
C1C2CC3C4C1C34C2,229.786,417.45,1.2,290.156,42.97399376,345.5795206
C1CC12CC1(CC1)C2,201.31,425.95,1.02,282.504,43.89911682,345.6109492
C1CC2(C1)CC21CC1,201.31,425.95,1.02,282.504,44.08609928,346.3462091
C1CC2(CC2)C2CC12,221.599,417.75,1.02,292.236,43.23679914,342.9938784
C1CC2C(C1)C1CC21,239.431,409.75,1.04,301.245,43.06304229,342.3039853
C1CC2C3C1C1C2C31,246.708,408.25,1.249,299.522,42.93140851,345.4082515
C1CC2C3CCC1CCC23,269.32,460.25,0.976,335.644,42.86854033,340.148174
C1CC2C3CCC2CC1C3,269.32,460.25,0.976,335.644,42.10813058,337.1178716
C1CC2C3CCCC2C3C1,269.32,460.25,0.976,335.644,42.65350666,339.2939897
C1CC2CC1C1CCC2C1,269.32,460.25,0.976,335.644,42.39116289,338.2489531
C1CC2CC1CC1CCC21,269.32,460.25,0.976,335.644,42.64639859,339.2657174
C1CC2CC2CC2CC2C1,269.32,460.25,0.976,335.644,43.36169422,342.0990886
C1CC2CC2CCC2CC12,269.32,460.25,0.976,335.644,43.33222172,341.9828082
C1CC2CC3CC1CC2C3,487.15,460.25,0.976,335.644,42.06515467,336.945795
C1CC2CC3CC1CC3C2,269.32,460.25,0.976,335.644,42.13057206,337.2076929
C1CC2CC3CC2CC3C1,419.15,460.25,0.976,335.644,42.55270301,338.8928233
C1CC2CC3CC2CCC13,473.15,460.25,0.976,335.644,42.42953493,338.4020082
C1CC2CC3CC3CC2C1,269.32,459.537,1.044,335.644,42.64381734,339.2554499
C1CC2CC3CCC1CC23,269.32,460.25,0.976,335.644,42.68579157,339.4223731
C1CC2CC3CCC2C3C1,269.32,460.25,0.976,335.644,42.19976501,337.4844851
C1CC2CC3CCC2CC13,437.04999999999995,460.25,0.976,335.644,42.24975268,337.6843093
C1CC2CC3CCC3C2C1,269.32,465.95,0.974,335.644,42.64716911,339.2687823
C1CC2CC3CCC3CC12,269.32,460.25,0.976,335.644,43.11187145,341.1121853
C1CC2CC3CCCC23C1,254.925,467.15,0.97,328.649,42.54443529,338.8598994
C1CC2CCC1C1CCC21,269.32,460.25,0.976,335.644,42.65620349,339.3047157
C1CC2CCC1CC21CC1,254.925,467.15,0.97,328.649,42.66016782,339.3204823
C1CC2CCC2C2CCC12,269.32,460.25,0.976,335.644,43.17470759,341.3606826
C1CC2CCC3C1CCC23,269.32,460.25,0.976,335.644,42.09651495,337.071371
C1CC2CCC3CC1CC23,405.15,329.15,0.976,335.644,42.15925477,337.3224598
C1CC2CCC3CC2C3C1,269.32,460.25,0.976,335.644,42.74766456,339.6682801
C1CC2CCC3CC3C2C1,269.32,460.25,0.976,335.644,42.77707927,339.7851231
C1CC2CCC3CCC1C23,269.32,460.25,0.976,335.644,42.53902623,338.8383575
C1CC2CCC3CCC23C1,254.925,467.15,0.97,328.649,42.56918833,338.9584622
C1CC2CCCC(C1)CC2,464.04999999999995,435.15,0.872,336.443,43.17688196,338.7042356
C1CC2CCCC23CC3C1,254.925,447.704,1.077,328.649,42.53807847,338.8345829
C1CCC2(CC1)CCCC2,248.052,462.15,0.9134,329.656,42.88293698,337.5493301
C1CCC23CC2(C1)C3,201.31,425.95,1.02,282.504,43.4808321,343.9604629
C1CCC23CC2CCC3C1,254.925,447.704,1.077,328.649,42.63167774,339.2071578
C1CCC23CCC2CC3C1,254.925,447.704,1.077,328.649,44.676452771264856,347.2467083625022
C1CCC23CCCC2C3C1,254.925,467.15,0.97,328.649,42.51378774,338.7378259
C1CCC2C3C(C1)C23,239.431,409.75,1.04,301.245,43.55237937,344.2433382
C1CCC2C3CCC2C3C1,269.32,460.25,0.976,335.644,42.9138856,340.3280265
C1CCC2CC23CC3CC1,254.925,467.15,0.97,328.649,43.54164597,342.808212
C1CCC2CC2C2CC2C1,269.32,460.25,0.976,335.644,43.28843676,341.8099866
C1CCC2CCC(C1)CC2,263.1,464.04999999999995,0.872,336.443,43.38295399,339.5115471
C1CCC2CCC(CC1)C2,325.15,464.04999999999995,0.872,336.443,43.86544651,341.3943008
C1CCC2CCCC(C1)C2,531.15,464.04999999999995,0.872,336.443,43.82057231,341.2196335
C1CCC2CCCCCC2CC1,288.92,331.15,0.857,364.468,43.29313436,338.7286151
C1CCCC2(CC1)CCC2,248.052,456.65,0.8775,329.656,43.55990334,340.2032383
C1CCCC2(CCC1)CC2,248.052,470.25,0.88,329.656,43.76963895,341.0212733
C1CCCC23CC2C3CC1,254.925,467.15,0.97,328.649,43.75540827,343.6486689
C1CCCC2CC(CC1)C2,263.1,464.04999999999995,0.872,336.443,43.83579613,341.2789004
C1CCCC2CCCC2CCC1,288.92,509.04999999999995,0.857,364.468,43.44279439,339.3135854
C1CCCC2CCCCC2CC1,288.92,376.15,0.857,364.468,43.21303373,338.4151134
C1CCCCC2CC2CCCC1,288.92,509.04999999999995,0.857,364.468,43.90720758,341.1224331
C1CCCCC2CCC2CCC1,288.92,509.04999999999995,0.857,364.468,43.79912855,340.7023324
C1CCCCCCCCCCCCC1,326.65,404.15,0.79,388.648,43.89933787,338.9755329
C1C2C1C1CC2C2CC21,261.689,433.84999999999997,1.169,318.078,42.71029551,343.2834198
C1C2C3CC3C3CC3C12,261.689,433.84999999999997,1.169,318.078,43.9633263,348.2826273
C1C2C3CC4C1C4CC23,383.15,433.84999999999997,1.169,318.078,41.89440301,339.988747
C1C2CC3C1C1CC2C31,261.689,429.42,1.144,318.078,42.37010012722693,341.91352859674555
C1C2CC3C1C1CC3C21,261.689,429.42,1.144,318.078,42.13809216035933,340.9761275296743
C1C2CC3C4C1CC2C34,261.689,433.84999999999997,1.169,318.078,41.87896638,339.9261042
C1C2CC3C4CC2C1C34,261.689,433.84999999999997,1.169,318.078,41.9971756,340.4055105
C1C2CC3CC1C1C2C31,457.15,433.84999999999997,1.169,318.078,41.57202416,338.6781083
C1C2CC3CC4CC1C234,246.489,415.819,1.18,309.932,45.25582856747532,353.3652186466169
C1CC12CC21CC12CC2,210.387,459.25,1.16,291.807,44.21390185,349.2737614
C1CC2(C1)CC21CCC1,221.34,450.65,1,303.075,43.79990146,344.4395026
C1CC2(C1)CCC21CC1,221.34,450.65,1,303.075,43.77031029,344.3231314
C1CC2(CC2)C2CC1C2,239.202,443.15,0.99,311.493,43.2233076,342.1648439
C1CC2(CC2)CC2CC12,239.202,443.15,0.99,311.493,44.06571084,345.4830753
C1CC23CCC2(C1)CC3,221.34,407.643,1.095,303.075,43.26323119022262,342.32282920639426
C1CC23CCCC2(C1)C3,221.34,450.65,1,303.075,42.70028274,340.0883554
C1CC2C(C1)C1CCC21,255.132,434.992,1.027,319.365,43.293789550973536,342.44370526742006
C1CC2C1C13CCC21C3,229.54,401.332,1.218,301.204,44.20846956939751,349.25230424323814
C1CC2C1C1C3CC3C21,261.689,429.42,1.144,318.078,43.38407057531024,345.9805532441198
C1CC2C1C21C2CCC21,246.489,442.04999999999995,1.14,309.932,43.85033103,347.8347584
C1CC2C1CC1C3C2C13,261.689,433.84999999999997,1.169,318.078,43.0774122,344.7556107
C1CC2C3C1C1CC1C23,261.689,433.84999999999997,1.169,318.078,42.63496825,342.9805653
C1CC2C3C1C3C21CC1,246.489,442.04999999999995,1.14,309.932,42.9889365,344.4013859
C1CC2C3C1CC1C2C13,261.689,429.42,1.144,318.078,42.29964184,341.6291221
C1CC2C3CC1C1C2C31,261.689,433.84999999999997,1.169,318.078,42.23994772,341.38798
C1CC2C3CC4C1C4C23,261.689,433.84999999999997,1.169,318.078,42.23221849,341.3567443
C1CC2CC(C1)C1CC21,222.14999999999998,318.15,1.1,319.365,42.91853154,340.9563739
C1CC2CC2C2(C1)CC2,239.202,443.15,0.99,311.493,44.07732827,345.5286137
C1CC2CC2CCC2CC2C1,282.262,483.45,0.955,350.455,43.37355608,341.6496202
C1CC2CC3(CC3)C2C1,239.202,443.15,0.99,311.493,43.18179837,342.0005065
C1CC2CC3C(C1)C3C2,255.132,435.75,1.004,319.365,42.52922953,339.4064913
C1CC2CC3CCC1CC3C2,282.262,483.45,0.955,350.455,42.46012344,338.0329639
C1CC2CC3CCC1CCC23,282.262,483.45,0.955,350.455,42.92104007,339.8627333
C1CC2CC3CCC2CC1C3,282.262,483.45,0.955,350.455,42.27539701,337.2968416
C1CC2CC3CCC2CC3C1,282.262,483.45,0.955,350.455,42.4265384,337.8992491
C1CC2CC3CCC3CC2C1,282.262,483.45,0.955,350.455,42.67759659,338.8975304
C1CC2CC3CCCC2C3C1,282.262,483.45,0.955,350.455,42.44241401,337.9624625
C1CC2CC3CCCC3C2C1,282.262,483.45,0.955,350.455,42.3014372,337.4007072
C1CC2CCC1C1CCC2C1,483.15,483.45,0.955,350.455,42.64216027,338.7568035
C1CC2CCC2C2CCC2C1,282.262,483.45,0.955,350.455,43.14612792,340.7527273
C1CC2CCC3C(C1)C23,255.132,435.75,1.004,319.365,42.66080068,339.9310907
C1CC2CCC3CC1CC2C3,282.262,483.45,0.955,350.455,42.31951339,337.4727883
C1CC2CCC3CC1CCC23,282.262,483.45,0.955,350.455,42.46655053,338.0585466
C1CC2CCC3CC3CC2C1,282.262,481.642,1.054,350.455,42.81764776,339.4531395
C1CC2CCC3CC3CCC12,282.262,483.45,0.955,350.455,43.45466315,341.9689076
C1CC2CCC3CCC1CC23,282.262,483.45,0.955,350.455,42.26498792,337.2553143
C1CC2CCC3CCC2C3C1,282.262,483.45,0.955,350.455,42.22644284,337.1014931
C1CC2CCC3CCC3C2C1,282.262,481.642,1.054,350.455,42.78165256,339.3104268
C1CC2CCC3CCCC23C1,269.132,489.84999999999997,0.96,344.159,42.22953063,337.1138181
C1CC2CCCC(C1)CCC2,276.575,487.15,0.864,351.031,43.5767233,340.0324308
C1CC2CCCC23CCC3C1,269.132,489.84999999999997,0.96,344.159,42.62813244,338.7010791
C1CC2CCCC2C2CC2C1,282.262,483.45,0.955,350.455,42.73229671,339.1146444
C1CCC2(C1)CC21CC1,221.34,351.15,1,303.075,43.41401382,342.9188485
C1CCC2(CC1)CCCCC2,262.904,475.588,1.006,344.904,43.03506098127572,337.91250673404227
C1CCC23CC2CCCC3C1,269.132,489.84999999999997,0.96,344.159,42.74801163,339.1769938
C1CCC23CCC2(C1)C3,221.34,450.65,1,303.075,43.1495616,341.8728248
C1CCC23CCC2CCC3C1,269.132,470.955,1.086,344.159,42.58113434,338.5143164
C1CCC23CCCC2CC3C1,269.132,489.84999999999997,0.96,344.159,42.66783019,338.8587514
C1CCC23CCCCC2C3C1,269.132,489.84999999999997,0.96,344.159,42.72969093,339.1043047
C1CCC2C3CC(C1)C23,255.132,435.75,1.004,319.365,43.25472836,342.289188
C1CCC2C3CCCC2C3C1,282.262,483.45,0.955,350.455,42.7753128,339.2852848
C1CCC2CC2C2CCC2C1,282.262,483.45,0.955,350.455,43.26242681,341.2116618
C1CCC2CC3CC3C2CC1,282.262,481.642,1.054,350.455,42.78778275,339.3347358
C1CCC2CC3CC3CC2C1,282.262,483.45,0.955,350.455,42.85369535,339.5959999
C1CCC2CCC(CC1)CC2,276.575,487.15,0.864,351.031,43.52979562,339.8492914
C1CCC2CCCC(C1)CC2,276.575,487.15,0.864,351.031,43.95624642,341.5099444
C1CCC2CCCC(CC1)C2,276.575,487.15,0.864,351.031,43.30043075,338.952751
C1CCC2CCCCC(C1)C2,276.575,487.15,0.864,351.031,44.36923761,343.1105231
C1CCCC2(CC1)CCCC2,262.904,493.04999999999995,0.87,344.904,43.17522361,338.4623399
C1CCCC2CCC(CC1)C2,276.575,487.15,0.864,351.031,43.43476835,339.4781365
C1CCCC2CCCCC2CCC1,300.312,530.05,0.852,376.941,43.32523243,338.6892113
C1CCCCC2(CCC1)CC2,262.904,493.04999999999995,0.87,344.904,43.94757435,341.4762547
C1CCCCC2CCC2CCCC1,300.312,530.05,0.852,376.941,43.78235153,340.4712567
C1CCCCC2CCCC2CCC1,300.312,523.909,0.989,376.941,43.41703171,339.0478357
C1CCCCCC2CC2CCCC1,300.312,530.05,0.852,376.941,43.69650435,340.1372999
C1CCCCCCCCCCCCCC1,318.15,334.45,0.8364,399.51,43.92671082,339.0811987
C12C3C1C1C4C1C3C24,253.642,394.58,1.294,297.561,42.70518226657599,348.3801249643067
C12C3C1C1C4C1C4C23,253.642,408.25,1.249,297.561,43.47295547,351.4978427
C12C3C4C1C1C2C3C41,403.15,406.15,1.577,297.561,44.15674757,354.251436
C1C2C1C1CCC2C12CC2,261.492,465.54999999999995,1.1,327.47,42.67143744,342.1607773
C1C2CC2C2CC2C2CC12,275.288,458.04999999999995,1.114,334.682,43.58416023,345.8007482
C1C2CC3C1C1CC2C3C1,433.15,458.04999999999995,1.114,334.682,41.70452365,338.2619669
C1C2CC3C1C1CCC2C13,275.288,458.04999999999995,1.114,334.682,41.80113134,338.6535288
C1C2CC3C1C1CCC3C21,275.288,458.04999999999995,1.114,334.682,41.92534683,339.1563239
C1C2CC3C4C(C12)C34,246.708,401.083,1.122,299.522,43.09541665,346.0673932
C1C2CC3C4CC2CC1C34,275.288,458.04999999999995,1.114,334.682,41.81951046,338.7279702
C1C2CC3CC1C1CC2C31,275.288,454.554,1.156,334.682,41.72290277,338.3364945
C1C2CC3CC1CC(C2)C3,478.15,460.25,1.07,335.644,41.734793,335.6200731
C1C2CC3CC4C1CC2C34,275.288,458.04999999999995,1.114,334.682,41.79428805,338.6258071
C1CC12CCC1(CC1)CC2,303.15,474.04999999999995,0.98,321.228,43.29153038,341.8222001
C1CC2(C1)C1CCC2CC1,254.925,467.15,0.97,328.649,42.76788692,339.748613
C1CC2(C1)CC1CCC2C1,254.925,467.15,0.97,328.649,42.76885007,339.7524386
C1CC2(C1)CCC1CC2C1,254.925,467.15,0.97,328.649,43.24447457,341.6363774
C1CC2(C1)CCC21CCC1,238.971,474.04999999999995,0.98,321.228,43.69023744,343.3926524
C1CC2(C1)CCCC21CC1,238.971,474.04999999999995,0.98,321.228,43.28338211,341.7900299
C1CC23CCCC2(C1)CC3,238.971,474.04999999999995,0.98,321.228,42.66078037,339.3229184
C1CC2C(C1)C1CCCC21,269.32,460.25,0.976,335.644,42.47825124,338.5962239
C1CC2C(C1)C21CCCC1,254.925,339.15,0.9187,328.649,42.74271008,339.6485957
C1CC2C1C1C3CCC1C23,275.288,454.554,1.156,334.682,42.56538992609592,341.7353419555281
C1CC2C1C1C3CCC3C21,275.288,454.554,1.156,334.682,48.28987305882871,358.19788844966035
C1CC2C1C1CC1C1CC21,275.288,458.04999999999995,1.114,334.682,42.91257934,343.126213
C1CC2C1C1CCC3C2C13,275.288,461.45,1.577,334.682,42.56153813,341.7198796
C1CC2C3CC1C1CC3C12,275.288,454.554,1.156,334.682,42.320752098678575,340.7518920256424
C1CC2C3CC2C2CC3C12,321.15,458.04999999999995,1.114,334.682,42.91089784,343.1194903
C1CC2C3CC3C1C1CC21,275.288,458.04999999999995,1.114,334.682,42.63057715,341.996919
C1CC2C3CC4C2C4C3C1,275.288,458.04999999999995,1.114,334.682,41.81045777,338.6913059
C1CC2C3CCC(C3)C2C1,350.15,393.15,0.976,335.644,42.17404881,337.3816392
C1CC2C3CCC2(C1)CC3,306.15,467.15,0.97,328.649,42.42238447,338.3734922
C1CC2C3CCC4C1C2C43,275.288,454.554,1.156,334.682,42.33641345575713,340.81493607802264
C1CC2CC(C1)C1CCC21,269.32,460.25,0.976,335.644,42.70965852,339.5172506
C1CC2CC1C1C3CC3C21,275.288,458.04999999999995,1.114,334.682,42.47253626,341.3624016
C1CC2CC1C1CC3C2C13,275.288,458.04999999999995,1.114,334.682,42.72567932,342.3781774
C1CC2CC1CC1(CC1)C2,254.925,447.704,1.077,328.649,42.64658735,339.2664682
C1CC2CC3(CC3)CC2C1,254.925,447.704,1.077,328.649,42.89348214,340.2471122
C1CC2CC3(CCC3)C2C1,254.925,467.15,0.97,328.649,43.10693624,341.0926604
C1CC2CC3C1C3C21CC1,261.492,465.54999999999995,1.1,327.47,42.30391368,340.6840968
C1CC2CC3C1CC1C2C31,418.15,457.95,1.302,334.682,41.97827478,339.3703375
C1CC2CC3C4CC4C23C1,261.492,442.445,1.192,327.47,45.77230156304424,348.7356650679087
C1CC2CC3CC(C1)C2C3,379.15,460.25,0.976,335.644,43.54033995,342.8030708
C1CC2CC3CC(C1)C3C2,269.32,459.537,1.044,335.644,42.609163071289416,339.1175748447353
C1CC2CC3CC(C3)C2C1,269.32,459.537,1.044,335.644,42.87029327,340.1551284
C1CC2CC3CC1C1C2C31,275.288,458.04999999999995,1.114,334.682,41.79538298,338.6302427
C1CC2CC3CC4CC1C243,261.492,442.445,1.192,327.47,46.85936188060968,352.8524803325349
C1CC2CC3CCC2(C1)C3,254.925,467.15,0.97,328.649,42.23834508,337.6387182
C1CC2CC3CCCC3CC2C1,294.159,505.54999999999995,0.939,364.067,42.32738006,337.0992433
C1CC2CCC(C1)C1CC21,269.32,460.25,0.976,335.644,42.74229016,339.6469273
C1CC2CCC(C1)C21CC1,254.925,467.15,0.97,328.649,42.65670047,339.3066923
C1CC2CCC1C1CCC2CC1,518.15,505.54999999999995,0.939,364.067,42.89414671,339.34863
C1CC2CCC3(CC3)C2C1,254.925,467.15,0.97,328.649,42.92491947,340.3717757
C1CC2CCC3C(C1)C3C2,269.32,460.25,0.976,335.644,42.74442836,339.6554226
C1CC2CCC3CC(C1)C23,269.32,460.25,0.976,335.644,42.48632246,338.6283904
C1CC2CCC3CCCC3C2C1,294.159,380.15,0.9145,364.067,42.34822588,337.1822421
C1CC2CCCC23CCCC3C1,282.09,511.54999999999995,0.95,358.341,42.34825463,337.1823566
C1CC2CCCC2C2CCC2C1,294.159,501.748,1.059,364.067,42.98923878,339.7245729
C1CC2CCCC3C(C1)C23,269.32,460.25,0.976,335.644,43.57923209,342.95614
C1CC2CCCC3CC3CC2C1,294.159,501.748,1.059,364.067,43.07251023,340.0534421
C1CCC2(C1)CCC21CC1,238.971,351.15,0.98,321.228,43.25581665,341.6811764
C1CCC2(CC1)CC21CC1,238.971,349.15,0.98,321.228,43.458965,342.4825792
C1CCC23CCC(C2)C3C1,254.925,467.15,0.97,328.649,42.89546624,340.2549814
C1CCC23CCC2(C1)CC3,238.971,435.206,1.111,321.228,43.12369819252758,341.1589701824939
C1CCC23CCC2(CC1)C3,238.971,474.04999999999995,0.98,321.228,43.16281454,341.3136632
C1CCC23CCC2CCCC3C1,282.09,492.005,1.09,358.341,42.69788931,338.571414
C1CCC23CCCC2(C1)C3,238.971,474.04999999999995,0.98,321.228,42.51181904,338.7299828
C1CCC23CCCC2CCC3C1,282.09,511.54999999999995,0.95,358.341,43.16727962,340.4273343
C1CCC2C(C1)C1CCC21,269.32,459.537,1.044,335.644,43.3042324784351,341.87234318566215
C1CCC2C(C1)CC1CC12,269.32,460.25,0.976,335.644,42.63769168,339.2310825
C1CCC2C(C1)CC21CC1,254.925,467.15,0.97,328.649,43.22085804,341.5430781
C1CCC2C3CC(C3)C2C1,269.32,460.25,0.976,335.644,42.87312494,340.1663622
C1CCC2C3CCC(C1)C23,269.32,460.25,0.976,335.644,44.50382099,346.5751707
C1CCC2C3CCCCC2C3C1,294.159,505.54999999999995,0.939,364.067,43.05628085,339.9893713
C1CCC2CC(C1)C1CC21,269.32,460.25,0.976,335.644,42.67955033,339.3975581
C1CCC2CC2C2CCCC2C1,294.159,501.748,1.059,364.067,43.08453851,340.1009198
C1CCC2CC2CC2CC2CC1,294.159,505.54999999999995,0.939,364.067,43.60023689,342.1302764
C1CCC2CC2CCC2CC2C1,294.159,377.15,0.939,364.067,43.61736081,342.1974553
C1CCC2CC3CC3CCC2C1,294.159,501.748,1.059,364.067,42.95232331,339.5786784
C1CCC2CC3CCC2C3CC1,294.159,505.54999999999995,0.939,364.067,43.52653374,341.8409804
C1CCC2CC3CCC3CC2C1,294.159,501.748,1.059,364.067,42.80130694,338.9811892
C1CCC2CCCC(C1)CCC2,288.92,509.04999999999995,0.857,364.468,43.8284325,340.8162873
C1CCC2CCCC(CC1)CC2,288.92,509.04999999999995,0.857,364.468,43.81298362,340.7562157
C1CCC2CCCCC(C1)CC2,288.92,509.04999999999995,0.857,364.468,43.67804658,340.2310734
C1CCC2CCCCC(CC1)C2,288.92,509.04999999999995,0.857,364.468,43.38716896,339.0962823
C1CCCC2(CC1)CCCCC2,276.396,373.15,0.9021,358.882,43.13796385,338.1210375
C1CCCC2(CCC1)CCCC2,276.396,514.75,0.87,358.882,43.45996015,339.3806161
C1CCCC2CCC(CC1)CC2,288.92,509.04999999999995,0.857,364.468,43.70223772,340.3252791
C1CCCC2CCCC(CC1)C2,288.92,509.04999999999995,0.857,364.468,43.52764487,339.6447897
C1CCCC2CCCCCC2CCC1,310.886,540.664,0.991,388.593,43.62902762,339.7331332
C1CCCC2CCCCCCC2CC1,310.886,550.15,0.847,388.593,43.63325392,339.7495876
C1CCCCC2(CCCC1)CC2,276.396,514.75,0.87,358.882,43.87796358,341.0088134
C1CCCCC2CCCC2CCCC1,310.886,550.15,0.847,388.593,43.4203049,338.9195116
C1CCCCC2CCCCC2CCC1,310.886,550.15,0.847,388.593,43.32423411,338.5443612
C1CCCCCC2CC2CCCCC1,310.886,550.15,0.847,388.593,43.71745595,340.0772484
C1CCCCCC2CCC2CCCC1,310.886,550.15,0.847,388.593,43.75380487,340.2185978
C1C2C3C2C2C4C1C3C42,267.968,423.706,1.307,316.598,41.92559002,343.4413287
C1C2C3C4C1C1C2C1C34,358.15,434.84999999999997,1.411,316.598,41.4786668,341.6058965
C1C2C3C4C1C1C2C3C41,267.968,423.706,1.307,316.598,42.54949715028152,345.98731788174956
C1C2C3CC4(CC4)C1C23,246.489,442.04999999999995,1.14,309.932,42.9890675,344.4019107
C1C2CC3C1C1C(C2)C31,261.689,433.84999999999997,1.169,318.078,42.06817973,340.6931488
C1C2CC3C1CC1CCC2C13,287.737,481.04999999999995,1.072,349.74,41.511896,336.712916
C1C2CC3CC1C1CC2CC31,287.737,481.04999999999995,1.072,349.74,41.53120921,336.7912339
C1C2CC3CC1C1CC3C1C2,287.737,481.04999999999995,1.072,349.74,41.88107747,338.2068613
C1C2CC3CC1C1CCC2C31,287.737,481.04999999999995,1.072,349.74,41.4018231,336.2662058
C1C2CC3CC4CC1C3C4C2,287.737,477.135,1.161,349.74,44.53923712521924,348.7746230401284
C1C2CC3CC4CC1CC34C2,275.108,466.224,1.195,343.269,45.289156105330825,351.6985721290704
C1CC12C1(CC1)C21CC1,210.387,459.25,1.16,291.807,44.21256998,349.2685007
C1CC12C1C3C1C1C3C12,253.434,444.34999999999997,1.35,308.163,42.9495385,347.6099626
C1CC2(C1)CC1(CC1)C2,221.34,350.65,1,303.075,43.77943674,344.3590266
C1CC2(CC2)C2(C1)CC2,221.34,450.65,1,303.075,43.2864583,342.4147098
C1CC23CCC4CC42CC1C3,261.294,495.15,1.07,336.436,42.05076461,338.8913153
C1CC23CCCC2(C1)CCC3,254.718,496.34999999999997,0.97,337.521,42.24061735,337.1580672
C1CC2C1C1CC2C2CCC21,287.737,481.04999999999995,1.072,349.74,42.66817483,341.370135
C1CC2C1CC1C3CCC3C21,287.737,477.135,1.161,349.74,44.24383884627737,347.6161072404211
C1CC2C34CCCCC23C4C1,261.294,495.15,1.07,336.436,42.6032711,341.1104025
C1CC2C3C4CC4CCC23C1,275.108,466.224,1.195,343.269,43.25461307,343.7080522
C1CC2C3CC1C1CC2C3C1,452.15,481.04999999999995,1.072,349.74,41.9405749,338.4470091
C1CC2C3CC1CC2C1CC31,287.737,477.135,1.161,349.74,41.99614242,338.671141
C1CC2C3CC3C3CCC1C23,287.737,481.04999999999995,1.072,349.74,42.58690357,341.0448715
C1CC2C3CC4C(C13)C24,238.14999999999998,425.15,1,318.078,41.6033341,338.8056219
C1CC2C3CCC(CC3)C2C1,282.262,483.45,0.955,350.455,42.2658437,337.2587286
C1CC2C3CCC1C1CC1C23,287.737,481.04999999999995,1.072,349.74,42.75233157,341.7066205
C1CC2C3CCC4C1C2CC43,287.737,481.04999999999995,1.072,349.74,41.6357767,337.2149547
C1CC2C3CCC4C2C4C3C1,287.737,477.135,1.161,349.74,41.9529134,338.4967894
C1CC2C3CCC4C3CC1C24,287.737,481.04999999999995,1.072,349.74,41.56765825,336.9389905
C1CC2C3CCC4CC4C23C1,275.108,466.224,1.195,343.269,43.3279714,343.9993872
C1CC2CC(C1)C1CCC2C1,282.262,483.45,0.955,350.455,42.44725179,337.9817232
C1CC2CC(C1)C1CCCC21,282.262,483.45,0.955,350.455,42.47985879,338.1115132
C1CC2CC1C13CCC21CC3,261.294,454.75,1.232,336.436,42.90204867366628,342.30441967137153
C1CC2CC1C1C3CCC3C21,287.737,477.135,1.161,349.74,44.80287747808527,349.80534786567233
C1CC2CC1C1CC3CC3C21,287.737,481.04999999999995,1.072,349.74,42.14558524,339.2731846
C1CC2CC23C2CCC3C1C2,275.108,466.224,1.195,343.269,42.29805159,339.8863099
C1CC2CC2C2CC2C2CC12,287.737,481.04999999999995,1.072,349.74,43.41413205,344.3412506
C1CC2CC3(C1)CCCC2C3,269.132,470.955,1.086,344.159,43.15592224,340.7914012
C1CC2CC3(CCCC3)C2C1,269.132,489.84999999999997,0.96,344.159,42.70592118,339.0099728
C1CC2CC3(CCCC3C1)C2,269.132,470.955,1.086,344.159,42.80058103,339.3854813
C1CC2CC3C4CCC2C43C1,275.108,466.224,1.195,343.269,42.24834353,339.6865365
C1CC2CC3CC1CC(C2)C3,532.15,483.45,0.955,350.455,42.15209469,336.8045949
C1CC2CC3CC4CCC1C243,275.108,466.224,1.195,343.269,43.727512312351735,345.5818110960988
C1CC2CC3CCC(C3)C2C1,282.262,483.45,0.955,350.455,42.29429405,337.3722188
C1CC2CC3CCC2(C1)CC3,269.132,489.84999999999997,0.96,344.159,42.27202277,337.2833806
C1CC2CC3CCC2C(C1)C3,282.262,483.45,0.955,350.455,42.13920558,336.7530975
C1CC2CC3CCC4C3C24C1,275.108,466.224,1.195,343.269,41.97291345,338.5774649
C1CC2CC3CCC4CC1C423,275.108,488.04999999999995,1.07,343.269,42.45887699,340.5318537
C1CC2CC3CCCC3(C1)C2,269.132,489.84999999999997,0.96,344.159,42.35305999,337.6065189
C1CC2CCC(C1)C1CCC21,282.262,483.45,0.955,350.455,42.78484864,339.3231009
C1CC2CCC3(C1)CCCC23,269.132,470.955,1.086,344.159,42.44971084,337.9915131
C1CC2CCC3(CC3)CC2C1,269.132,470.955,1.086,344.159,42.70029748,338.9876509
C1CC2CCC3C(C1)CCC23,282.262,481.642,1.054,350.455,46.17658797786798,352.5164166903161
C1CC2CCC3C1CC1C2C31,287.737,477.135,1.161,349.74,42.00924212,338.7239571
C1CC2CCC3CC(C1)C2C3,282.262,483.45,0.955,350.455,42.84704121,339.5696334
C1CC2CCC3CC3C(C1)C2,282.262,481.642,1.054,350.455,43.78649658,343.2721153
C1CC2CCC3CCC(C1)C23,282.262,483.45,0.955,350.455,42.38137412,337.7193494
C1CC2CCC3CCC2(C1)C3,269.132,489.84999999999997,0.96,344.159,42.30613176,337.4194289
C1CC2CCCC(C1)C21CC1,269.132,489.84999999999997,0.96,344.159,42.76727543,339.2534079
C1CC2CCCC2C2CCCC2C1,305.167,520.187,1.061,376.679,42.52899841,337.5602567
C1CC2CCCC3CC(C1)C23,282.262,483.45,0.955,350.455,42.67616446,338.8918442
C1CCC2(C1)C1CCC2CC1,269.132,489.84999999999997,0.96,344.159,42.44461109,337.9712099
C1CCC2(C1)CC1CCC2C1,269.132,349.15,0.934,344.159,42.43259522,337.9233675
C1CCC2(C1)CCCC1CC12,269.132,489.84999999999997,0.96,344.159,42.81476254,339.4417025
C1CCC2(C1)CCCC21CC1,254.718,496.34999999999997,0.97,337.521,42.87862824,339.6947765
C1CCC2(CC1)C1CCCC12,269.132,489.84999999999997,0.96,344.159,42.6990924,338.9828675
C1CCC2(CC1)CC21CCC1,254.718,358.15,0.97,337.521,43.1339828,340.704765
C1CCC2(CC1)CCC21CC1,254.718,368.15,0.97,337.521,43.14739585,340.7577341
C1CCC23CC(CCC2C1)C3,269.132,470.955,1.086,344.159,42.61561009,338.6513275
C1CCC23CCC(CC2)C3C1,269.132,489.84999999999997,0.96,344.159,42.43654229,337.9390839
C1CCC23CCC(CC2C1)C3,269.132,489.84999999999997,0.96,344.159,42.34907799,337.5906478
C1CCC23CCC2(CC1)CC3,254.718,496.34999999999997,0.97,337.521,43.31822021,341.4316128
C1CCC23CCCC(C2)C3C1,269.132,489.84999999999997,0.96,344.159,42.83577284,339.5249787
C1CCC23CCCC2(C1)CC3,254.718,496.34999999999997,0.97,337.521,42.65918156,338.8244068
C1CCC23CCCC2(CC1)C3,254.718,459.729,1.119,337.521,42.73803566,339.1374151
C1CCC23CCCC2C(C1)C3,269.132,489.84999999999997,0.96,344.159,43.02095336,340.2580763
C1CCC23CCCC2CCCC3C1,294.0,511.235,1.09,371.426,42.51230606,337.4940051
C1CCC23CCCCC2(C1)C3,254.718,496.34999999999997,0.97,337.521,42.65125248,338.7929167
C1CCC23CCCCC2CCC3C1,294.0,511.235,1.09,371.426,42.4910543,337.4096385
C1CCC2C(C1)C1CCCC21,282.262,483.45,0.955,350.455,42.80110848,339.3875725
C1CCC2C(C1)C21CCCC1,269.132,489.84999999999997,0.96,344.159,42.75894467,339.2203642
C1CCC2C(C1)CC1CC2C1,282.262,481.642,1.054,350.455,42.83483324,339.5212549
C1CCC2C(C1)CC1CCC12,282.262,481.642,1.054,350.455,42.77377589,339.2791895
C1CCC2C(C1)CC21CCC1,269.132,489.84999999999997,0.96,344.159,43.23662762,341.1099073
C1CCC2C(C1)CCC1CC12,282.262,483.45,0.955,350.455,42.87187633,339.6680303
C1CCC2C(C1)CCC21CC1,269.132,470.955,1.086,344.159,42.711737,339.0330557
C1CCC2C3CCC(C1)C2C3,282.262,483.45,0.955,350.455,42.84742544,339.571156
C1CCC2C3CCC(C3)C2C1,282.262,357.15,0.955,350.455,42.35866973,337.6288764
C1CCC2C3CCC2C(C1)C3,282.262,483.45,0.955,350.455,43.62202945,342.626824
C1CCC2C3CCCC(C1)C23,282.262,483.45,0.955,350.455,43.83960739,343.4802381
C1CCC2C3CCCCC2C3CC1,305.167,526.65,0.925,376.679,43.10024973,339.8197565
C1CCC2CC3(CC3)CC2C1,269.132,470.955,1.086,344.159,42.70225355,338.9954152
C1CCC2CC3CC(C1)C2C3,282.262,483.45,0.955,350.455,42.52250812,338.2812008
C1CCC2CC3CCCC3C2CC1,305.167,520.187,1.061,376.679,42.71505429333463,338.2978302992186
C1CCC2CC3CCCC3CC2C1,277.15,527.15,0.925,376.679,42.5988172,337.8372252
C1CCC2CC3CCCCC3C2C1,330.15,533.15,1.012,376.679,42.50534773,337.4663838
C1CCC2CCC(C1)C1CC21,282.262,483.45,0.955,350.455,42.91988738,339.8581696
C1CCC2CCC3CCCC23CC1,294.0,532.3499999999999,0.94,371.426,43.05322506,339.6343251
C1CCC2CCCC(CC1)CCC2,300.312,530.05,0.852,376.941,43.92102549,341.010026
C1CCC2CCCC23CCCC3C1,294.0,511.235,1.09,371.426,42.66087702,338.0832237
C1CCC2CCCCC(C1)CCC2,300.312,530.05,0.852,376.941,43.90372217,340.9428465
C1CCC2CCCCCC(CC1)C2,300.312,530.05,0.852,376.941,43.83514921,340.6764842
C1CCCC2(CC1)CC21CC1,254.718,496.34999999999997,0.97,337.521,43.49880745,342.1425615
C1CCCC2(CC1)CCCCCC2,288.756,535.45,0.87,371.806,43.26573752,338.4565846
C1CCCC2(CCC1)CCCCC2,288.756,515.107,1.017,371.806,43.312990579311155,338.64135834864607
C1CCCC23CCC2(CC1)C3,254.718,496.34999999999997,0.97,337.521,43.3515782,341.5630504
C1CCCC2C(CC1)C21CC1,269.132,489.84999999999997,0.96,344.159,43.66401161,342.7916576
C1CCCC2CC2CC2CC2CC1,305.167,526.65,0.925,376.679,43.48830032,341.3461023
C1CCCC2CCC(CCC1)CC2,300.312,530.05,0.852,376.941,43.67947754,340.0710243
C1CCCC2CCCC(CCC1)C2,300.312,530.05,0.852,376.941,43.54297195,339.5392194
C1CCCCC2CCC(CCC1)C2,300.312,530.05,0.852,376.941,43.48822418,339.3256963
C1CCCCC2CCCCC2CCCC1,320.753,556.246,0.991,399.536,43.40910806,338.7538597
C1CCCCC2CCCCCC2CCC1,320.753,556.246,0.991,399.536,43.58405966,339.4358126
C1CCCCCC2CCCC2CCCC1,320.753,356.15,0.843,399.536,43.45313561,338.9256062
C1CCCCCCC2CC2CCCCC1,320.753,569.55,0.843,399.536,43.67373936,339.7848491
C1C2C1C1C2C2C3CC3C12,281.024,449.456,1.309,333.557,42.42986455701021,344.1367929718946
C1C2C1C1C3CC4C2C4C31,281.024,457.95,1.302,333.557,43.37483598,347.94789
C1C2C3C4CC5C3C1C5C24,281.024,457.95,1.302,333.557,41.43548585,340.0803213
C1C2C3CC4C1C1C2C3C41,281.024,449.456,1.309,333.557,41.8594079104916,341.8155571444636
C1C2C3CC4C2C2C1C3C42,407.15,457.95,1.302,333.557,41.47798525,340.2546827
C1C2CC34CC1CC3(C2)C4,246.27,473.34999999999997,1.11,319.807,42.322895,340.7605189
C1C2CC3C4C1C1C2C3C41,281.024,449.456,1.309,333.557,41.99363533911489,342.3631556847941
C1C2CC3CC1C1C(C2)C31,453.15,458.04999999999995,1.114,334.682,41.68227318,338.171719
C1C2CC3CC1C1CC2CC3C1,299.217,503.04999999999995,1.04,363.546,41.62550638,336.5420735
C1C2CC3CC1C1CCC3C1C2,426.15,503.04999999999995,1.04,363.546,41.43957511,335.7896055
C1CC12CC1(CC1)C21CC1,229.295,481.15,1.11,311.633,43.61128699,345.9083446
C1CC2(C1)CC1(CCC1)C2,238.971,474.04999999999995,0.98,321.228,43.68287894,343.3637334
C1CC2(CC2)CC2(C1)CC2,238.971,474.04999999999995,0.98,321.228,43.10982183,341.1040766
C1CC23CC1CC2C1CCC3C1,287.572,509.54999999999995,1.04,357.674,42.04489564,338.2332049
C1CC23CC4CC2C3(C1)C4,246.27,473.34999999999997,1.11,319.807,41.8700843,338.9327263
C1CC2C1C1CCC1C1CCC21,299.217,503.04999999999995,1.04,363.546,43.14743558,342.6392382
C1CC2C1C1CCC2C2CCC21,299.217,503.04999999999995,1.04,363.546,42.60904835,340.4948273
C1CC2C3C1C1C2C2C3C12,281.024,457.95,1.302,333.557,41.710928,341.20879
C1CC2C3C4C1C1C2C1C43,281.024,457.95,1.302,333.557,41.37168713,339.8184075
C1CC2C3C4C1C1C2C3C41,281.024,449.456,1.309,333.557,42.587971843164105,344.777378811772
C1CC2C3CC1C1C(C3)C21,275.288,458.04999999999995,1.114,334.682,41.7578231,338.4780516
C1CC2C3CC1C1CC3CCC12,378.65,503.04999999999995,1.04,363.546,41.76761111,337.1160422
C1CC2C3CC4C(C3)C24C1,261.492,465.54999999999995,1.1,327.47,41.9877537,339.4086512
C1CC2C3CC4C(CC13)C24,275.288,458.04999999999995,1.114,334.682,41.66418734,338.0983451
C1CC2C3CC4C(CC24)C13,275.288,458.04999999999995,1.114,334.682,41.93412579,339.1918309
C1CC2C3CC4CCC2C4C3C1,299.217,497.634,1.16,363.546,41.75145512,337.0508366
C1CC2C3CCC3C3C1CCC23,299.217,497.634,1.16,363.546,42.2777294,339.168436
C1CC2C3CCC4C1C2CCC43,299.217,503.04999999999995,1.04,363.546,41.9316938,337.7775678
C1CC2C3CCC4CC3C2CC14,299.217,503.04999999999995,1.04,363.546,42.21485206,338.9161289
C1CC2CC(C1)C1(CC1)C2,254.925,338.15,0.93,328.649,42.65069039,339.2827883
C1CC2CC(C1)C1CCC2CC1,294.159,505.54999999999995,0.939,364.067,42.61577117,338.2456808
C1CC2CC(C1)C1CCCC1C2,294.159,505.54999999999995,0.939,364.067,42.54479955,337.963909
C1CC2CC(C1)C1CCCC2C1,294.159,505.54999999999995,0.939,364.067,42.5470838,337.9729816
C1CC2CC(C1)C1CCCCC21,294.159,501.748,1.059,364.067,42.34041469,337.1511438
C1CC2CC1C1CCC2C12CC2,287.572,509.54999999999995,1.04,357.674,42.43302737,339.7907954
C1CC2CC1CC1CCC(C1)C2,294.159,505.54999999999995,0.939,364.067,43.43032351,341.462972
C1CC2CC2C2CC2CC2CC12,299.217,503.04999999999995,1.04,363.546,43.44898159,343.8344611
C1CC2CC34CC3CCC4C2C1,287.572,487.705,1.194,357.674,42.28561817,339.2000779
C1CC2CC3C4C(C2C1)C34,275.288,454.554,1.156,334.682,42.66383554,342.130298
C1CC2CC3CCC(CC3)C2C1,294.159,501.748,1.059,364.067,42.50633462,337.8110972
C1CC2CC3CCC1CC(C2)C3,565.15,505.54999999999995,0.939,364.067,42.52464061,337.883831
C1CC2CC3CCC4CC1C2C43,299.217,497.634,1.16,363.546,42.95566615961301,341.8769576995273
C1CC2CC3CCCC(C1)C3C2,294.159,501.748,1.059,364.067,42.74047868,338.7402274
C1CC2CCC(C1)C1CCCC21,294.159,501.748,1.059,364.067,42.43528313,337.5286449
C1CC2CCC(C1)C21CCCC1,282.09,492.005,1.09,358.341,42.4567008,337.6138118
C1CC2CCC1C13CCC21CC3,274.927,477.312,1.229,351.506,43.74794973545567,345.0153785815848
C1CC2CCC3(C1)CCCC3C2,282.09,492.005,1.09,358.341,42.48149215,337.7123673
C1CC2CCC3C(C1)CCC3C2,294.159,501.748,1.059,364.067,42.65941161,338.4188258
C1CC2CCC3CC4CCC1C243,287.572,509.54999999999995,1.04,357.674,43.11617156,342.51508
C1CC2CCC3CCC(C1)C2C3,294.159,505.54999999999995,0.939,364.067,43.29093607,340.9145775
C1CC2CCC3CCC(C1)C3C2,294.159,501.748,1.059,364.067,42.71453722,338.6374121
C1CC2CCC3CCC3C(C1)C2,294.159,505.54999999999995,0.939,364.067,42.85096951,339.177793
C1CC2CCC3CCCC3(C1)C2,282.09,511.54999999999995,0.95,358.341,42.31413457,337.046495
C1CC2CCC3CCCC3CCC2C1,315.41,556.05,1.02,388.443,42.85055813,338.5425447
C1CC2CCCC(C1)C1CCC21,294.159,505.54999999999995,0.939,364.067,43.02580282,339.8690167
C1CC2CCCC2CC2CCCC2C1,315.41,546.8499999999999,0.914,388.443,42.80209456,338.3510464
C1CC2CCCC3CCC(C1)C23,294.159,501.748,1.059,364.067,42.34094182685531,337.15324256996524
C1CCC2(C1)CC1(CC1)C2,238.971,435.206,1.111,321.228,43.24576132655898,341.64146018839295
C1CCC2(C1)CC1CCC2CC1,282.09,511.54999999999995,0.95,358.341,42.44018388,337.5481346
C1CCC2(C1)CCCC21CCC1,268.944,481.816,1.122,352.333,42.9150340348496,339.4312429120334
C1CCC2(C1)CCCCC21CC1,268.944,517.75,0.95,352.333,42.85438149,339.1912961
C1CCC2(CC1)C1CCC2CC1,282.09,511.54999999999995,0.95,358.341,42.49660337,337.7724263
C1CCC2(CC1)C1CCCCC12,282.09,511.54999999999995,0.95,358.341,42.94620214,339.5544807
C1CCC2(CC1)CC1CCC2C1,371.15,237.74999999999997,0.9468,358.341,42.64431316,338.3589322
C1CCC2(CC1)CC1CCCC12,282.09,511.54999999999995,0.95,358.341,42.89462271,339.3505129
C1CCC2(CC1)CCCC21CC1,268.944,517.75,0.95,352.333,43.01665939,339.832902
C1CCC2(CC2)C2(C1)CC2,238.971,274.13,0.98,321.228,43.12372977,341.1590951
C1CCC23C4CCC2(C1)C43,246.27,429.64,1.229,319.807,42.546787884548436,341.6606607447164
C1CCC23CCC(CC2)CC3C1,282.09,492.005,1.09,358.341,42.26166062,336.8374437
C1CCC23CCC(CCC2C1)C3,282.09,511.54999999999995,0.95,358.341,42.2197773,336.6704914
C1CCC23CCC4CCC42C3C1,274.927,477.312,1.229,351.506,43.26229991,343.0950112
C1CCC23CCCC(CC2)C3C1,282.09,511.54999999999995,0.95,358.341,42.41024897,337.4290698
C1CCC23CCCC(CC2C1)C3,282.09,511.54999999999995,0.95,358.341,42.48104488,337.7105895
C1CCC23CCCC2(C1)CCC3,268.944,517.75,0.95,352.333,42.44144261,337.5531402
C1CCC23CCCC2(CC1)CC3,268.944,517.75,0.95,352.333,42.73139915,338.7042455
C1CCC23CCCC2C(C1)CC3,282.09,492.005,1.09,358.341,42.97332566,339.6616899
C1CCC23CCCC2CC(C1)C3,282.09,492.005,1.09,358.341,42.42671796,337.4945797
C1CCC23CCCCC2(C1)CC3,268.944,364.15,0.95,352.333,42.79652436,338.96225
C1CCC23CCCCC2CCCC3C1,305.02,552.3499999999999,0.93,383.588,42.56569549,337.415384
C1CCC2C(C1)C1C3C2C13,275.288,458.04999999999995,1.114,334.682,43.01082942,343.5187891
C1CCC2C(C1)C1CCCCC21,418.15,338.15,0.939,364.067,42.77681909,338.884205
C1CCC2C(C1)CC1CCC2C1,294.159,505.54999999999995,0.939,364.067,42.3583373,337.222494
C1CCC2C(C1)CC1CCCC12,294.159,505.54999999999995,0.939,364.067,42.22263981,336.6819044
C1CCC2C(C1)CC21CCCC1,282.09,511.54999999999995,0.95,358.341,42.82905024,339.0910332
C1CCC2C(C1)CCC1CCC12,294.159,501.748,1.059,364.067,42.80654635,339.0019363
C1CCC2C(C1)CCC21CCC1,282.09,492.005,1.09,358.341,42.74831862,338.7712937
C1CCC2C(C1)CCCC1CC12,294.159,501.748,1.059,364.067,43.28235813,340.8808004
C1CCC2C(C1)CCCC21CC1,282.09,492.005,1.09,358.341,42.92971717,339.4893052
C1CCC2C(CC1)C1CCCC21,294.159,505.54999999999995,0.939,364.067,42.69541657,338.5616101
C1CCC2C3CCC(C3)C2CC1,294.159,505.54999999999995,0.939,364.067,42.56537381,338.0456172
C1CCC2C3CCC(CC3)C2C1,294.159,377.15,0.9621,364.067,42.47927499,337.7035544
C1CCC2C3CCC2(CC1)CC3,282.09,492.005,1.09,358.341,42.57505073,338.0840411
C1CCC2C3CCCC(C1)CC23,294.159,501.748,1.059,364.067,43.37499024,341.2453788
C1CCC2CC(C1)C1CCC2C1,294.159,505.54999999999995,0.939,364.067,42.77397576,338.8729421
C1CCC2CC(C1)CC1CC1C2,294.159,505.54999999999995,0.939,364.067,44.01023659,343.7351425
C1CCC2CC3(CCC2C1)CC3,282.09,511.54999999999995,0.95,358.341,42.87074187,339.256036
C1CCC2CC3(CCC3)C2CC1,282.09,511.54999999999995,0.95,358.341,43.25489595,340.7726406
C1CCC2CC3(CCC3)CC2C1,282.09,492.005,1.09,358.341,42.87976707,339.2917444
C1CCC2CC34CC3C4CC2C1,287.572,487.705,1.194,357.674,42.84197266,341.4242242
C1CCC2CC3CC(C3)CC2C1,294.159,501.748,1.059,364.067,42.87373218,339.2678676
C1CCC2CC3CCC2(CC1)C3,282.09,492.005,1.09,358.341,42.53792761,337.9366135
C1CCC2CC3CCCC3CC2CC1,315.41,546.8499999999999,0.914,388.443,42.68633867,337.8932108
C1CCC2CC3CCCC3CCC2C1,315.41,537.215,1.059,388.443,42.71563239,338.0091314
C1CCC2CC3CCCCC3C2CC1,315.41,546.8499999999999,0.914,388.443,42.56414281,337.4092299
C1CCC2CC3CCCCC3CC2C1,374.15,576.15,0.8729,388.443,42.56238273,337.4022537
C1CCC2CCC(C1)C1CCC21,294.159,505.54999999999995,0.939,364.067,43.13434484,340.2974437
C1CCC2CCC2C2CCCCC2C1,315.41,537.215,1.059,388.443,43.11443353,339.5833239
C1CCC2CCC3C(C1)CCC23,294.159,501.748,1.059,364.067,42.62553117,338.2844117
C1CCC2CCC3CCC(C1)C23,294.159,505.54999999999995,0.939,364.067,42.60661818,338.2093548
C1CCC2CCC3CCCC3C2CC1,315.41,537.215,1.059,388.443,42.72203144,338.0344483
C1CCC2CCC3CCCCC3C2C1,268.15,580.15,1.080,388.443,42.39044076,336.7200513
C1CCC2CCCC2CC2CC2CC1,315.41,537.215,1.059,388.443,43.13955217,339.6822309
C1CCC2CCCC3CCCC23CC1,305.02,528.934,1.088,383.588,42.71786727,338.0179736
C1CCC2CCCCC(C1)CCCC2,310.886,550.15,0.847,388.593,43.92404527,340.8798286
C1CCCC23CCC2(CC1)CC3,268.944,481.816,1.122,352.333,43.39469551,341.3228839
C1CCCC2CC2CCC2CC2CC1,315.41,358.15,0.914,388.443,43.5142989,341.1544245
C1CCCCC2CCC(CCC1)CC2,310.886,550.15,0.847,388.593,43.5763946,339.5281484
C1CCCCC2CCC(CCCC1)C2,310.886,550.15,0.847,388.593,43.49421796,339.2078552
C1CCCCC2CCCC(CCC1)C2,310.886,550.15,0.847,388.593,43.64767467,339.8057264
C1CCCCCC2(CCCCC1)CC2,313.95,555.3499999999999,0.87,383.84,43.91653513,340.8506855
C1C2C1C1C3CC3C2C2CC21,293.017,480.34999999999997,1.226,348.887,42.92278747,345.0332571
C1C2C1C1C3CCC4C2C1C43,293.017,472.534,1.304,348.887,46.83149311221418,360.4010114431617
C1C2C3CC4C5CC3C1C5C24,293.017,480.34999999999997,1.226,348.887,41.07046792,337.5062537
C1C2CC3(CC12)CC1CC1C3,275.108,488.04999999999995,1.07,343.269,44.09862333,347.0451719
C1C2CC34CCC3(C2)CC1C4,261.294,454.75,1.232,336.436,44.173234970452,347.33863534470277
C1C2CC3CC1C14CC31C4C2,267.589,496.04999999999995,1.22,335.197,41.97238412,341.1919832
C1C2CC3CC1CC1C(C2)C31,287.737,480.15,1.072,349.74,41.74301723,337.6489547
C1CC12CC21CC12CC21CC1,236.842,512.3499999999999,1.23,319.794,44.04459156,349.5129667
C1CC23CC4CC4CC2(C1)C3,261.294,454.75,1.232,336.436,42.40378388,340.3108511
C1CC23CCC4C(CC2)C43C1,261.294,454.75,1.232,336.436,41.99326754,338.6595488
C1CC2C(C1)C1C3CC3CC21,287.737,477.135,1.161,349.74,42.43606228,340.4403513
C1CC2C(C1)C1C3CCC2C31,287.737,481.04999999999995,1.072,349.74,42.32395361,339.9903619
C1CC2C(C1)C1CC2C2CC12,287.737,481.04999999999995,1.072,349.74,42.25930481,339.7305992
C1CC2C3(CC3)CC1C21CC1,261.294,495.15,1.07,336.436,42.69905824,341.4936553
C1CC2C3C1C1CC3C3C1C23,293.017,480.34999999999997,1.226,348.887,41.32216371,338.5388588
C1CC2C3C4CC1C1C2C1C43,383.15,482.25,1.438,348.887,41.65775811,339.9107861
C1CC2C3C4CC1CC(C4)C23,397.15,481.04999999999995,1.072,349.74,42.28014042,339.8143396
C1CC2C3CC1C1CC(C3)C21,287.737,480.34999999999997,1.226,349.74,41.81626935,337.945084
C1CC2C3CC3C(C1)C1CC21,287.737,481.04999999999995,1.072,349.74,42.84664942,342.0833401
C1CC2C3CC3C3CC2(C1)C3,275.108,466.224,1.195,343.269,42.56107237,340.9414249
C1CC2C3CC4CC3C2(C1)C4,275.108,466.224,1.195,343.269,41.96577942,338.5486901
C1CC2C3CC4CCCC3C4C2C1,309.867,516.403,1.156,376.311,41.91329991,337.1735538
C1CC2C3CCC3C3C(C1)C23,287.737,477.135,1.161,349.74,43.7439259,345.6466639
C1CC2CC(C1)CC1(CC1)C2,269.132,489.84999999999997,0.96,344.159,42.93513075,339.918516
C1CC2CC1C1CC3(CC3)C21,275.108,488.04999999999995,1.07,343.269,42.56848963,340.9711321
C1CC2CC1C1CCC3CCC2C31,309.867,516.403,1.156,376.311,42.13994637,338.0839589
C1CC2CC1CC21CC2CCC1C2,299.064,530.25,1.03,370.935,42.0925331,337.8937097
C1CC2CC2CC2CC2CC2CC12,309.867,524.05,1.015,376.311,43.28681378,342.6536685
C1CC2CC34CC1CC3(C2)C4,261.294,454.75,1.232,336.436,42.30613799,339.9187975
C1CC2CC3C4CC2C(C1)C34,287.737,477.135,1.161,349.74,41.78520181,337.8195219
C1CC2CC3C4CCC2(C1)C43,275.108,466.224,1.195,343.269,41.99033251,338.6477136
C1CC2CC3CC(C1)C(C2)C3,282.262,483.45,0.955,350.455,42.35807593,337.6265099
C1CC2CCC(C1)C1CCC1CC2,305.167,526.65,0.925,376.679,43.66807192,342.0509016
C1CC2CCC(C1)C1CCCCC21,305.167,520.187,1.061,376.679,42.51338337,337.4982813
C1CC2CCC3CCCC3C(C1)C2,305.167,520.187,1.061,376.679,42.62193805,337.9288947
C1CC2CCCC3(CCCC3)C2C1,294.0,511.235,1.09,371.426,42.64233325,338.0097369
C1CC2CCCC3CCCC(C1)C23,305.167,333.15,0.9296,376.679,42.52765914,337.5549416
C1CCC2(C1)CC1(CCC1)C2,254.718,496.34999999999997,0.97,337.521,43.21521213,341.0254194
C1CCC2(CC1)CC1CCC2CC1,294.0,511.235,1.09,371.426,45.38921100589755,348.726577739267
C1CCC2(CC1)CC1CCCCC12,294.0,532.3499999999999,0.94,371.426,42.98821882,339.3778207
C1CCC2(CC1)CC21CCCCC1,281.918,538.15,0.94,365.937,43.01036538,339.4652293
C1CCC2(CC2)C2(CC1)CC2,254.718,496.34999999999997,0.97,337.521,43.38022067,341.6758674
C1CCC23C(C1)C1CC2C3C1,275.108,466.224,1.195,343.269,41.84565162,338.0637919
C1CCC23C4CCCC2(C1)C43,261.294,495.15,1.07,336.436,42.56501643,340.9572218
C1CCC23CC4C(C2)C4C3C1,275.108,466.224,1.195,343.269,41.86546049,338.1437987
C1CCC23CC4CC2C3(C1)C4,261.294,454.75,1.232,336.436,41.8358941,338.024375
C1CCC23CCC(C2)C(C1)C3,269.132,489.84999999999997,0.96,344.159,43.2710859,341.2458074
C1CCC23CCC(CCCC2C1)C3,294.0,511.235,1.09,371.426,42.52391799,337.540094
C1CCC23CCCC(CCC2C1)C3,294.0,532.3499999999999,0.94,371.426,42.5622418,337.6921603
C1CCC23CCCC2(CC1)CCC3,281.918,501.907,1.121,365.937,42.68531948,338.1800618
C1CCC23CCCCC2(C1)CCC3,281.918,538.15,0.94,365.937,42.41374146,337.1025389
C1CCC2C(C1)C1CC13CC23,275.108,466.224,1.195,343.269,44.08752399,347.0014946
C1CCC2C(C1)C1CC3C2C13,287.737,460.25,0.976,349.74,42.80733261,341.9263533
C1CCC2C(C1)CC1C3C2C13,287.737,477.135,1.161,349.74,42.76291754,341.7489232
C1CCC2C(C1)CC1CCCC2C1,305.167,526.65,0.925,376.679,42.43675048,337.1939638
C1CCC2C(C1)CC1CCCCC12,330.15,533.15,1.012,376.679,42.50562736,337.4674939
C1CCC2C(C1)CCC1CCCC12,305.167,401.15,0.9446,376.679,42.5060836,337.469305
C1CCC2C(C1)CCC21CCCC1,294.0,532.3499999999999,0.94,371.426,42.61123563,337.8864648
C1CCC2C(C1)CCCC1CCC12,305.167,520.187,1.061,376.679,42.93400331,339.1637463
C1CCC2C(C1)CCCC21CCC1,294.0,511.235,1.09,371.426,42.71609627,338.3019564
C1CCC2C(C1)CCCCC21CC1,294.0,511.235,1.09,371.426,42.8984434,339.0232618
C1CCC2C(CC1)C1CCCCC21,305.167,526.65,0.925,376.679,42.87007143,338.9111324
C1CCC2C3CC4C(C3C1)C24,287.737,481.04999999999995,1.072,349.74,42.0398671,338.8474004
C1CCC2C3CCC(CC3)C2CC1,305.167,526.65,0.925,376.679,42.52832141,337.55757
C1CCC2C3CCC(CC3)CC2C1,305.167,520.187,1.061,376.679,42.44765599,337.2372875
C1CCC2CC(C1)C1CCCCC21,305.167,520.187,1.061,376.679,42.54311228,337.6162642
C1CCC2CC2CCCC2CCCC2C1,324.988,553.032,1.056,399.477,43.14951562339112,339.46935660626684
C1CCC2CC3(CCC3)CCC2C1,294.0,511.235,1.09,371.426,42.97647443,339.3314585
C1CCC2CC3(CCCC3)C2CC1,294.0,532.3499999999999,0.94,371.426,42.90424201,339.046174
C1CCC2CC3(CCCC3)CC2C1,294.0,511.235,1.09,371.426,42.5619916,337.6911678
C1CCC2CC3CCC(C3)CC2C1,305.167,520.187,1.061,376.679,42.68894583,338.1944266
C1CCC2CC3CCCCC3CC2CC1,324.988,553.032,1.056,399.477,42.72570755,337.7981343
C1CCC2CC3CCCCC3CCC2C1,324.988,566.25,0.904,399.477,42.72800926,337.8072331
C1CCC2CC3CCCCCC3C2CC1,324.988,553.032,1.056,399.477,42.744718950928394,337.8732799360823
C1CCC2CCC3(CCC2C1)CC3,294.0,511.235,1.09,371.426,42.97846126,339.3393021
C1CCC2CCC3CCC2(CC1)C3,294.0,511.235,1.09,371.426,42.50737577,337.4744344
C1CCC2CCC3CCC3(CC1)C2,294.0,532.3499999999999,0.94,371.426,44.33019951,344.6343597
C1CCC2CCC3CCCC(C1)C23,305.167,526.65,0.925,376.679,42.55248719,337.6534612
C1CCC2CCC3CCCCC3C2CC1,324.988,553.032,1.056,399.477,42.55679217,337.1297333
C1CCC2CCCC2CC2CCCC2C1,324.988,553.032,1.056,399.477,42.89396165,338.4626063
C1CCCC2(CC1)CC1CCCC12,294.0,532.3499999999999,0.94,371.426,42.92310956,339.1207152
C1CCCC23CCC(CC2CC1)C3,294.0,511.235,1.09,371.426,42.89629467,339.0147711
C1CCCC23CCCC2(CC1)CC3,281.918,501.907,1.121,365.937,43.07313459,339.7128463
C1CCCC2C(CC1)CC21CCC1,294.0,511.235,1.09,371.426,43.44772182,341.1868118
C1CCCC2C3CCC(C3)C2CC1,305.167,526.65,0.925,376.679,42.70506126,338.2582562
C1CCCCC2(CCCC1)CCCCC2,310.745,574.45,0.87,395.112,43.67770384,339.8002708
C1CCCCC2CCC(CCCC1)CC2,320.753,569.55,0.843,399.536,43.6488794,339.6881292
C1CCCCC2CCCC(CCCC1)C2,320.753,569.55,0.843,399.536,43.53912536,339.2607917
C12C3C4C1C1C2C2C3C4C12,286.545,444.239,1.521,332.27,42.30806411410034,346.7565374367148
C1C2C1C1C3CC4C(C23)C41,281.024,443.15,1.302,333.557,41.75918397,341.4061076
C1C2C3C4C1C15CC41C3C25,259.866,481.34999999999997,1.52,316.409,43.03674891,349.7299364
C1C2C3CC4C1C1CC2C3CC41,597.65,501.84999999999997,1.17,362.905,41.46330653,338.2349691
C1C2CC3(CC12)C1CCC3CC1,287.572,487.705,1.194,357.674,43.65932957,344.6657528
C1C2CC3C(C12)C1C2C3C12,281.024,449.456,1.309,333.557,42.40086333,344.0191625
C1C2CC3C1C1C4CCC1C3C24,304.108,501.84999999999997,1.17,362.905,41.21811629,337.2334224
C1C2CC3C1C1CC4CC1C2C43,304.108,501.84999999999997,1.17,362.905,41.37409285,337.870895
C1C2CC3C1C1CC4CC1C3C24,304.108,501.84999999999997,1.17,362.905,41.37314307,337.8670169
C1C2CC3C4CC1C1C4CC3C21,304.108,501.84999999999997,1.17,362.905,40.85724958,335.7539291
C1C2CC3C4CCC(C4)C3CC12,299.217,497.634,1.16,363.546,42.97303505,341.9460688
C1C2CC3CC1C1CC(C2)C3C1,299.217,497.634,1.16,363.546,41.82403576,337.3436736
C1C2CC3CC1CC(C2)C31CC1,387.84999999999997,509.54999999999995,1.04,357.674,41.82247999,337.3373992
C1C2CC3CC1CC1(CCC31)C2,287.572,487.705,1.194,357.674,45.0184698533333,349.9894603528634
C1C2CC3CC4CC1C1C2C3C41,498.15,501.84999999999997,1.17,362.905,41.2749065,337.465662
C1CC23CC4C1C1CCC4C2C13,292.857,483.32,1.332,356.881,43.35978169,345.8836898
C1CC23CC4C5C(C1C52)C43,267.778,437.059,1.351,326.118,42.60632934680788,344.8516787820033
C1CC2C(C1)C1CC2C2CCC21,299.217,503.04999999999995,1.04,363.546,42.15032516,338.6570071
C1CC2C(C1)C1CC3CC2C1C3,299.217,497.634,1.16,363.546,42.08494114,338.3942411
C1CC2C(C1)C1CCC2C12CC2,287.572,487.705,1.194,357.674,42.26719809,339.1261902
C1CC2C1C1C2C2C3CCC3C12,304.108,493.442,1.294,362.905,45.48324411662679,354.2519557282454
C1CC2C1CC1C3CCC(C3)C21,299.217,570.25,1.165,363.546,42.20715412,338.8852265
C1CC2C1CCC1C3CCC3CCC21,319.8,533.712,1.149,388.199,42.73521162,340.009222
C1CC2C3C4CC4C1C1CC1C23,304.108,501.84999999999997,1.17,362.905,42.5429427,342.6102117
C1CC2C3CC3C3C4CC4C1C23,304.108,501.84999999999997,1.17,362.905,41.78821266,339.5575864
C1CC2C3CC4C1C1CC4C3C12,304.108,501.84999999999997,1.17,362.905,41.30511928,337.58915
C1CC2C3CC4C2C2C1CC3C42,304.108,493.442,1.294,362.905,41.33703511,337.7195498
C1CC2C3CC4C5CC3C1C5C24,304.108,501.84999999999997,1.17,362.905,41.30921315,337.6058794
C1CC2C3CCC4C1C1C4C3C21,304.108,493.442,1.294,362.905,42.372834090460096,341.9245595352429
C1CC2C3CCCC3C3CCC3C2C1,319.8,533.712,1.149,388.199,42.45173445,338.8796473
C1CC2CC(C1)C1C2CC2CC21,299.217,503.04999999999995,1.04,363.546,42.68691728,340.805816
C1CC2CC(C1)CC1(CCC1)C2,282.09,511.54999999999995,0.95,358.341,42.90252975,339.3817887
C1CC2CC(C1)CC1CCCCC1C2,315.41,537.215,1.059,388.443,43.21342091,339.9729289
C1CC2CC1C1C3CCC(C3)C21,387.15,308.15,1.04,363.546,41.962243,337.9005888
C1CC2CC1C1CC3(CC3)CC21,287.572,487.705,1.194,357.674,42.21890803,338.9324099
C1CC2CC1C1CC3CC(C3)C21,299.217,497.634,1.16,363.546,42.29915751,339.2543774
C1CC2CC23CC2CCC3(C1)C2,274.927,516.25,1.05,351.506,43.48576675,343.9799804
C1CC2CC3C4CC1C1C2C3C41,304.108,493.442,1.294,362.905,41.833638274181055,339.7420932437855
C1CC2CC3C4CCCC4CC3C2C1,319.8,533.712,1.149,388.199,42.14363108,337.6476588
C1CC2CC3CC(C1)CC(C2)C3,294.159,505.54999999999995,0.939,364.067,42.52917717,337.9018534
C1CC2CC3CC4CCCC4C3C2C1,319.8,533.712,1.149,388.199,41.97990678,336.9911549
C1CC2CC3CCC3C3CC1CC2C3,319.8,533.712,1.149,388.199,42.63190839,339.5980236
C1CC2CC3CCC4CC4C3CC2C1,319.8,533.712,1.149,388.199,42.35072012,338.4762234
C1CC2CCC1C1(CC1)C21CC1,274.927,516.25,1.05,351.506,42.65354763,340.6725809
C1CC2CCC34CC3C(C1)CC24,287.572,487.705,1.194,357.674,42.82769265,341.367318
C1CC2CCC34CC3CCCC4C2C1,309.725,525.297,1.179,383.239,42.28114073,338.1980623
C1CC2CCC3C4CC4CCC3C2C1,319.8,533.712,1.149,388.199,42.51466503,339.1307324
C1CC2CCC3CC4CC4CC3C2C1,319.8,533.712,1.149,388.199,42.42600517,338.7769371
C1CC2CCC3CC4CCC4C3C2C1,319.8,533.712,1.149,388.199,42.34932748,338.4706583
C1CC2CCC3CC4CCCC24C3C1,309.725,525.297,1.179,383.239,42.04382736,337.2476166
C1CC2CCC3CCC4CC4C3C2C1,319.8,533.712,1.149,388.199,42.4570568,338.9008901
C1CC2CCC3CCC4CCC1C2C43,319.8,544.25,0.994,388.199,42.18711991,337.8218265
C1CC2CCC3CCCC3C23CC3C1,309.725,525.297,1.179,383.239,42.39823241892461,338.66603456585307
C1CC2CCCC(C1)C1CCCCC21,315.41,537.215,1.059,388.443,42.81433325,338.3994164
C1CC2CCCC3CCCC(C1)C3C2,315.41,537.215,1.059,388.443,43.11736699,339.5948762
C1CCC2(C1)CC1(CCCC1)C2,268.944,406.65,0.862,352.333,42.82906301,339.0910838
C1CCC2(C1)CCC1(CC2)CC1,268.944,517.75,0.95,352.333,42.93522493,339.5110822
C1CCC2(CC1)CC1(CCC1)C2,268.944,481.816,1.122,352.333,43.114019746739984,340.2172594728452
C1CCC2(CC1)CC1CCCCC1C2,305.02,528.934,1.088,383.588,42.5744686,337.4501541
C1CCC2(CC1)CCC1CCCCC12,305.02,528.934,1.088,383.588,42.58815355,337.504384
C1CCC2(CC1)CCCC1CCCC12,305.02,528.934,1.088,383.588,42.77510395,338.244349
C1CCC23CC4C(CC2C1)C4C3,287.572,487.705,1.194,357.674,40.938603938515605,336.0880370145984
C1CCC23CC4CC(C2C1)C3C4,287.572,487.705,1.194,357.674,41.97933372,337.9693932
C1CCC23CC4CC4CC2(C1)C3,274.927,477.312,1.229,351.506,42.59007192,340.4189972
C1CCC23CCCC2CCCC(C1)C3,305.02,528.934,1.088,383.588,42.93548943,338.8778802
C1CCC23CCCCC2(C1)CCCC3,393.15,557.8499999999999,0.94,378.534,42.66702691,337.8167689
C1CCC23CCCCC2CCC(C1)C3,305.02,528.934,1.088,383.588,42.57269487,337.4431247
C1CCC2C(C1)C1C3CCC3C21,299.217,497.634,1.16,363.546,44.32929669552628,347.3001907866951
C1CCC2C(C1)C1CC1C21CC1,287.572,487.705,1.194,357.674,42.6698039,340.7374938
C1CCC2C(C1)C1CC2C2CC12,299.217,501.84999999999997,1.17,363.546,42.75904509,341.0936232
C1CCC2C(C1)C1CCC3C2C13,299.217,497.634,1.16,363.546,42.4001041,339.6589501
C1CCC2C(C1)CCC1CCC2CC1,315.41,537.215,1.059,388.443,42.88487285,338.67807
C1CCC2C(C1)CCC1CCCC2C1,315.41,537.215,1.059,388.443,42.82565779,338.4441674
C1CCC2C(C1)CCC1CCCCC12,315.41,537.215,1.059,388.443,42.44397990060851,336.9326230066467
C1CCC2C(C1)CCCC1CCCC12,315.41,537.215,1.059,388.443,42.76645637,338.2101569
C1CCC2C(C1)CCCC21CCCC1,305.02,528.934,1.088,383.588,42.68164239,337.8746231
C1CCC2C(CC1)C1CCCCCC21,315.41,546.8499999999999,0.914,388.443,42.91977426,338.8158568
C1CCC2CC(C1)CC1CCCCC21,315.41,537.215,1.059,388.443,43.08840073,339.4807871
C1CCC2CC3(CCCC3)CCC2C1,305.02,528.934,1.088,383.588,42.70019826,337.9480607
C1CCC2CC3(CCCCC3)C2CC1,305.02,528.934,1.088,383.588,42.82328099,338.4347755
C1CCC2CCC3CCCCC(C1)C23,315.41,546.8499999999999,0.914,388.443,42.92894304,338.8520448
C1CCC2CCCC3C(C1)CCCC23,315.41,542.65,1.092,388.443,43.27170818,340.2021333
C1CCC2CCCC3CCC(C1)CC23,315.41,537.215,1.059,388.443,43.94362171,342.8332506
C1CCC2CCCC3CCCC(C1)C23,315.41,537.215,1.059,388.443,42.76616985,338.2090239
C1CCCC2(CC1)CC1CCCCC12,305.02,552.3499999999999,0.93,383.588,43.09452416,339.5049086
C1CCCC2(CC2)C2(CC1)CC2,268.944,517.75,0.95,352.333,43.55532811,341.9540318
C1CCCC23CCCC2(CC1)CCC3,293.841,557.8499999999999,0.94,378.534,42.87063666,338.621851
C1CCCC2C(CC1)C1CCCCC21,315.41,546.8499999999999,0.914,388.443,43.05603711,339.3532714
C1CCCC2C(CC1)CC21CCCC1,305.02,528.934,1.088,383.588,43.25933031,340.1534724
C1CCCCC2C3CCC(CCC1)C23,315.41,546.8499999999999,0.914,388.443,43.23613821,340.062279
C1C2C3C4C1C1C2C2C3C4C12,298.114,467.837,1.499,347.897,41.29561532774039,341.16189147316584
C1C2C3CC4C(C12)C4C1CC31,293.017,480.34999999999997,1.226,348.887,43.83827822,348.6934128
C1C2C3CC4C5CC(C1C35)C24,480.34999999999997,424.15,1.226,348.887,40.87736654,336.7118908
C1CC12C1C3C4C5C1C5C2C43,286.378,490.95,1.4,341.05,41.69712771,342.8164179
C1CC12CC21C2(CC2)C12CC2,236.842,512.3499999999999,1.23,319.794,44.04006912,349.4950224
C1CC2(C1)CCC21CCC12CCC2,274.747,542.8499999999999,1.04,359.421,43.48308488,343.4296202
C1CC23CCC4CCC4C2(C1)CC3,287.406,497.796,1.222,365.313,42.61591881,339.9879337
C1CC2C(C1)C1CC2C2CCCC21,309.867,516.403,1.156,376.311,41.93903692,337.2770592
C1CC2C3C4C(C1)C1C2C1C34,293.017,472.534,1.304,348.887,41.5674886,339.5423046
C1CC2C3C4CC5C(C14)C2C53,293.017,472.534,1.304,348.887,41.64187570271899,339.84598279928963
C1CC2C3C4CC5C(C1C43)C25,293.017,480.34999999999997,1.226,348.887,41.57507986,339.5733076
C1CC2C3CCC4C1C1CC4C3C12,314.423,512.553,1.281,375.838,41.66393024,338.316115
C1CC2C3CCCC3C3CCCC3C2C1,329.105,563.65,0.977,399.334,42.08538644,337.0268145
C1CC2C3CCCC4C(C1)C2CC34,309.867,516.403,1.156,376.311,42.034572,337.660991
C1CC2CC(C1)C1CCC2C12CC2,299.064,530.25,1.03,370.935,42.49552795,339.5073576
C1CC2CC1C13CC21C1CCC3C1,292.697,493.607,1.355,364.574,42.31158106,340.9354762
C1CC2CC34CCCC3CCCC4C2C1,319.667,541.952,1.169,394.729,42.30563782373795,337.90756858853405
C1CC2CC34CCCCC3CCC4C2C1,319.667,541.952,1.169,394.729,42.19130507,337.450655
C1CC2CC3C4CCC(C4)C3C2C1,309.867,516.403,1.156,376.311,42.03165444,337.6492725
C1CC2CC3C4CCC(C4)C3CC12,309.867,516.403,1.156,376.311,42.4527947,339.3366114
C1CC2CC3C4CCC3C(C4)C2C1,309.867,516.403,1.156,376.311,41.94076364,337.2840023
C1CC2CC3CC4(CC4)CC3C2C1,299.064,507.294,1.188,370.935,42.40599174,339.1495054
C1CC2CC3CCCC34CCCC4C2C1,319.667,541.952,1.169,394.729,42.953095339280694,340.48346721504214
C1CC2CCC1C1C3CCC(C3)C21,323.65,524.05,1.015,376.311,41.98882889,337.4772153
C1CC2CCC3(CCCC3)C(C1)C2,294.0,511.235,1.09,371.426,42.71758271,338.3078425
C1CC2CCC3CC34CCC(C1)C24,299.064,507.294,1.188,370.935,42.25616928716857,338.54985940414616
C1CC2CCC3CC4CC(C1)C2C34,309.867,516.403,1.156,376.311,42.36065352,338.9681567
C1CC2CCC3CC4CC3C2(C1)C4,299.064,507.294,1.188,370.935,41.92254082,337.2107212
C1CC2CCC3CC4CC4C(C1)C23,309.867,516.403,1.156,376.311,42.38384512,339.0609331
C1CC2CCC3CC4CCCC4C3C2C1,329.105,549.771,1.14,399.334,42.1830759,337.4177445
C1CC2CCC3CCC2(C1)C1CC31,299.064,507.294,1.188,370.935,42.3150414,338.7856144
C1CC2CCC3CCCCC3CC(C1)C2,324.988,566.25,0.904,399.477,43.80151142,342.0244578
C1CC2CCCC3C4CC4C(C1)C23,309.867,516.403,1.156,376.311,42.44703402,339.3135872
C1CC2CCCC3C4CC4CCC3C2C1,329.105,549.771,1.14,399.334,42.51288537,338.7342309
C1CCC2(C1)CCC1(CCCC1)C2,281.918,538.15,0.94,365.937,42.57657348,337.7490098
C1CCC2(CC1)CCC1(CC2)CC1,281.918,538.15,0.94,365.937,43.04952807,339.6197426
C1CCC2(CC1)CCC1CCCCC1C2,315.273,545.329,1.083,394.964,42.73043559,337.8168242
C1CCC2(CC1)CCCC1(CC1)C2,281.918,501.907,1.121,365.937,42.78307167,338.5670677
C1CCC2(CC1)CCCC1CCCCC12,315.273,545.329,1.083,394.964,42.74422045,337.8713097
C1CCC23CC24CCCCC4CCC3C1,309.582,533.849,1.2,389.947,42.42338398,338.3774784
C1CCC23CC4CC4CC2(CC1)C3,287.406,497.796,1.222,365.313,43.32638832,342.8102666
C1CCC23CCC2(C1)CC1CC1C3,287.406,497.796,1.222,365.313,42.66017336,340.1644184
C1CCC23CCC2C2CCC3(C1)C2,287.406,497.796,1.222,365.313,42.24279913,338.4962954
C1CCC2C(C1)C1CC2C2CCC21,309.867,522.75,1.269,376.311,42.42601571,339.2295686
C1CCC2C(C1)C1CCC13CCC23,299.064,507.294,1.188,370.935,42.62153362,340.0103304
C1CCC2C(C1)C1CCC1C21CC1,299.064,507.294,1.188,370.935,42.61281072,339.9755354
C1CCC2C(C1)C1CCC2C12CC2,299.064,507.294,1.188,370.935,42.41082952,339.1688504
C1CCC2C(C1)C1CCC2C2CC12,309.867,516.403,1.156,376.311,42.44355081,339.2996649
C1CCC2C(C1)CCCC1CCCCC12,324.988,566.25,0.904,399.477,42.6481105,337.4912458
C1CCC2CC(C1)C1CC2C2CC12,309.867,524.05,1.015,376.311,43.79484064,344.6585457
C1CCC2CC(C1)CCC1CCCCC12,324.988,553.032,1.056,399.477,43.56505787,341.1000338
C1CCC2CC(CC1)C1CCCCC1C2,324.988,553.032,1.056,399.477,43.00488907,338.8999702
C1CCC2CC3(CCCC3)CCCC2C1,315.273,545.329,1.083,394.964,42.69519773,337.6775043
C1CCC2CC3(CCCCCC3)C2CC1,315.273,545.329,1.083,394.964,43.18438215,339.6064813
C1CCC2CC3CC4CC4CC3CC2C1,329.105,549.771,1.14,399.334,42.50236773,338.6923271
C1CCC2CCC3CCC(CCC2C1)C3,324.988,553.032,1.056,399.477,43.03284028,339.0100871
C1CCC2CCC3CCC2CCC(C1)C3,324.988,553.032,1.056,399.477,43.49104692,340.81017
C1CCC2CCCC3CCC(CC1)C3C2,324.988,553.032,1.056,399.477,43.21161107,339.7135299
C1CCC2CCCC3CCCCC(C1)C23,324.988,553.032,1.056,399.477,43.00600813,338.9043796
C1CCC2CCCCC3CCC(C1)CC23,324.988,553.032,1.056,399.477,43.21267927,339.7177288
C1CCCC2C(CC1)C1C3CC3C21,309.867,516.403,1.156,376.311,42.563036635103515,339.77692242285366
C1CCCC2C(CC1)CC21CCCCC1,315.273,545.329,1.083,394.964,42.99074559,338.8442368
C1CCCC2CCC3CCC3(CCC1)C2,315.273,571.55,0.93,394.964,43.53603591,340.9863987
C1CCCCC2C(CCC1)CCC1CC12,324.988,553.032,1.056,399.477,43.51079589,340.8875409
C12C3C4C5C4C4C(C4C13)C25,286.545,461.45,1.577,332.27,41.38585942,342.9565248
C1C2C3C4CC5C3C1C1C2C4C51,436.15,502.75,1.341,362.145,40.51691408,336.7854104
C1C2C3CC(C12)C1C2CC2CC31,304.108,501.84999999999997,1.17,362.905,42.33186261,341.7592113
C1C2CC3C1C1C2C2C4C3C1C24,308.842,506.54999999999995,1.577,362.145,41.23874954,339.772193
C1C2CC3C4CC5CC(C1C53)C24,304.108,501.84999999999997,1.17,362.905,41.17745594,337.0670464
C1CC2(C1)C1C2C2C1C21CCC1,280.677,516.3499999999999,1.17,350.548,43.34065183,345.8073814
C1CC2(C1)CC1C3CCC(C3)C12,287.572,350.15,1.04,357.674,42.62730347,340.5677591
C1CC23CCC2C2C4CCC4C1CC23,314.284,521.599,1.299,382.793,43.943516653348304,346.808592639056
C1CC23CCC4CCC2(CCC1C3)C4,352.15,556.05,1.02,378.072,42.17467718,337.772004
C1CC2C(C1)C1C3CCC(C3)C21,299.217,497.634,1.16,363.546,42.0932698,338.4277237
C1CC2C(C1)C1CCC2C12CCCC2,309.725,525.297,1.179,383.239,42.228193,337.986237
C1CC2C3C1C1C4CCC(C43)C21,463.65,501.84999999999997,1.17,362.905,41.34846521,337.766238
C1CC2C3C4CC4C4C(C1)C2C34,304.108,493.442,1.294,362.905,42.27494140088307,341.52936211526264
C1CC2C3C4CCC5C(C14)C2C53,304.108,493.442,1.294,362.905,41.70050552639507,339.20105923801015
C1CC2C3CC45CC4CCC5C2CC13,314.284,521.599,1.299,382.793,41.80068794,338.2471603
C1CC2C3CC4C2C2C(C1)C3C42,304.108,493.442,1.294,362.905,41.982262237146074,340.3450655171526
C1CC2C3CC4C5CC(C1C35)C24,304.108,501.84999999999997,1.17,362.905,41.14552374,336.936327
C1CC2C3CCC(C3)C3CCC1CC23,319.8,544.25,0.994,388.199,42.21932978,337.9507654
C1CC2C3CCC4C5CC35CCC24C1,303.811,512.704,1.335,377.509,42.66315691,341.7188521
C1CC2CC(C1)C1C3CCCCC3C21,319.8,533.712,1.149,388.199,42.25086401,338.076952
C1CC2CC1C1C2C2CCC1C21CC1,314.284,521.599,1.299,382.793,42.09362286,339.4302918
C1CC2CC3C(C1)C2CC31CCCC1,309.725,525.297,1.179,383.239,42.13681681,337.6203603
C1CC2CC3C4C5CC3C2(C1)C54,292.857,483.32,1.332,356.881,41.61289336,338.8445436
C1CC2CC3CC4(CCCC4)C2C3C1,309.725,525.297,1.179,383.239,42.13092913,337.5967721
C1CC2CCC3CC4CCC(C1)C24C3,309.725,525.297,1.179,383.239,42.07840885,337.3862829
C1CC2CCC3CCC4CC4C3(C1)C2,309.725,525.297,1.179,383.239,42.42840159,338.7865049
C1CC2CCCC34CC3CCC(C1)C24,309.725,525.297,1.179,383.239,43.08368486,341.3926662
C1CC2CCCC3C2C(C1)CC31CC1,309.725,525.297,1.179,383.239,42.41410295,338.7294135
C1CC2CCCC3C4CC4CC(C1)C23,319.8,533.712,1.149,388.199,42.27870293,338.1883124
C1CC2CCCC3C4CCC4C(C1)C23,319.8,533.712,1.149,388.199,42.36213697,338.5218433
C1CCC2(C1)CCC1(CCCC1)CC2,293.841,557.8499999999999,0.94,378.534,42.68223999,337.8769884
C1CCC2(C1)CCC1CC3CCC1C32,309.725,525.297,1.179,383.239,42.08362089,337.4071774
C1CCC2(CC1)CCC1(CCCC1)C2,293.841,557.8499999999999,0.94,378.534,42.69970434,337.9461061
C1CCC23C4CCC2CCC3(C1)CC4,298.911,556.05,1.02,378.072,41.88000378,336.5899334
C1CCC23CC4CCC2(C1)CCCC43,298.911,516.552,1.212,378.072,42.34773627,338.4642995
C1CCC23CCC2(C1)C1CCC3CC1,298.911,516.552,1.212,378.072,42.52495948,339.1717883
C1CCC2C(C1)C13CC4C1C24C3,280.677,472.715,1.372,350.548,42.91389014153077,344.1006415941729
C1CCC2C(C1)C1C3CC(C3)C21,299.217,497.634,1.16,363.546,42.9491002645171,341.85082827091543
C1CCC2C(C1)C1C3CCCCC3C21,319.8,533.712,1.149,388.199,42.93339330233242,340.79669507507157
C1CCC2C(C1)C1CC2C2CCCC21,293.15,372.15,0.994,388.199,42.24285291,338.0448995
C1CCC2C(C1)C1CC3C(C1)C23,299.217,497.634,1.16,363.546,42.04543256,338.2353646
C1CCC2C(C1)C1CCC2C2CCC12,319.8,533.712,1.149,388.199,42.96561695787873,340.9245635552962
C1CCC2C(C1)C1CCC3CCC1C32,319.8,533.712,1.149,388.199,42.02907646,337.1884505
C1CCC2C(C1)C1CCC3CCC2C31,319.8,533.712,1.149,388.199,41.86445592,336.5274484
C1CCC2C(C1)CC13CCCCC21C3,298.911,516.552,1.212,378.072,42.27178938,338.1606605
C1CCC2C(C1)CCC13CC1CCC23,309.725,525.297,1.179,383.239,42.31773533,338.3443869
C1CCC2C(C1)CCC13CCC1CC23,309.725,525.297,1.179,383.239,42.73450563734882,340.00641350689995
C1CCC2C(C1)CCC1C3CCC3C21,319.8,533.712,1.149,388.199,44.91483787783575,348.57215004537517
C1CCC2C3CC4CC(CC4C3)C2C1,319.8,533.712,1.149,388.199,42.03497793,337.2121226
C1CCCC2(CC1)CCC1(CC2)CC1,293.841,520.334,1.117,378.534,44.85717033576236,346.3785181264726
C1C2C1C1C3C4CC4C2C2CC2C13,318.841,508.636,1.445,375.261,43.39879763,347.57464
C1C2C1C1C3CC3C3C4CC4C2C13,318.841,522.75,1.269,375.261,41.7592394,340.9459397
C1C2CC3(CC3)CC1CC1(CC1)C2,287.406,536.45,1.03,365.313,42.83817405,340.8733521
C1C2CC34CC5CC5CC3(CC12)C4,292.697,536.15,1.14,364.574,42.44265734,341.4631567
C1C2CC3CC4CC1CC(C2)(C3)C4,299.064,507.294,1.188,370.935,45.27272857282729,350.42566884929045
C1CC23CCCC2(C1)C1(CC3)CC1,274.747,487.874,1.257,359.421,42.29819994,338.7181891
C1CC2C(C1)C1CCCC3CCCC2C31,329.105,549.771,1.14,399.334,42.18407758,337.4217506
C1CC2C3CC4C5CCC(C1C53)C24,314.423,522.65,1.126,375.838,41.30873686,336.8709218
C1CC2C3CC4CC(C3)C(C1)C2C4,375.15,524.05,1.015,376.311,41.59540541,335.8924612
C1CC2C3CC4CC(C3)CC2(C1)C4,327.15,530.25,1.03,370.935,41.59308028,335.8830731
C1CC2C3CC4CC2C2CC1CC3C2C4,333.111,561.8499999999999,1.063,399.107,41.28214626,335.6114337
C1CC2CC1C1C3CC(C4CC43)C21,314.423,522.65,1.126,375.838,41.98199162,339.6050081
C1CC2CC3(CCCC3C1)CCC1CC12,319.667,541.952,1.169,394.729,43.12157016,341.1505525
C1CC2CC3C(CCC34CCCC4)C2C1,319.667,541.952,1.169,394.729,42.18027375,337.4065373
C1CC2CC3C4CCC4CCCC3(C1)C2,319.667,541.952,1.169,394.729,42.64242052,339.2498936
C1CC2CC3CCC4CCCC(C2C1)C43,329.105,549.771,1.14,399.334,42.13844978,337.2392176
C1CC2CCC3(CCC4CCCC43)C2C1,319.667,541.952,1.169,394.729,42.12239465,337.1749659
C1CC2CCC3C4CCCC4C3C(C1)C2,329.105,549.771,1.14,399.334,42.95954462,340.5090276
C1CC2CCC3C4CCCC4CC(C1)C23,329.105,549.771,1.14,399.334,42.33932509,338.0420769
C1CC2CCC3CCC4CCC(C1)C24C3,319.667,541.952,1.169,394.729,42.30636982,337.9104919
C1CC2CCC3CCCC4CC(C1)C2C34,329.105,563.65,0.977,399.334,42.14799142,337.2773969
C1CCC2(C1)CC1C3CCC(C3)C12,299.064,530.25,1.03,370.935,42.33562803,338.8680155
C1CCC2(C1)CCC13CCCC1CC2C3,309.582,533.849,1.2,389.947,42.33060019,338.0072448
C1CCC23CCCC4(CCCC4C2)C3C1,309.582,533.849,1.2,389.947,42.02657755,336.7912564
C1CCC2C(C1)C1(CC1)CC21CC1,287.406,497.796,1.222,365.313,42.83603053,340.8648238
C1CCC2C(C1)C13CCCCC21CCC3,309.582,574.8499999999999,1,389.947,42.47041156,338.5649772
C1CCC2C(C1)C1C3CCC(C3)C21,309.867,516.403,1.156,376.311,42.26901845,338.6013282
C1CCC2C(C1)C1CC2C2(CC2)C1,299.064,529.3499999999999,1.13,370.935,42.49265506,339.4958813
C1CCC2C(C1)C1CC2C2CCCCC21,329.105,563.65,0.977,399.334,42.33507437,338.0251073
C1CCC2C(C1)C1CC3CC(C1)C32,309.867,516.403,1.156,376.311,42.25444556,338.5429542
C1CCC2C(C1)C1CCC2C12CCCC2,319.667,541.952,1.169,394.729,42.28347245,337.8190363
C1CCC2C(C1)C1CCC2C2CCCC21,329.105,549.771,1.14,399.334,42.24406278,337.6615701
C1CCC2C(C1)C1CCC3C(C1)C23,309.867,516.403,1.156,376.311,42.12366165,338.0186273
C1CCC2C(C1)C1CCCCC1C1CC21,329.105,549.771,1.14,399.334,42.50109637,338.6872615
C1CCC2C(C1)C1CCCCC1C21CC1,319.667,541.952,1.169,394.729,42.34101766,338.0488337
C1CCC2C(C1)CC1(CC1)C21CC1,287.406,497.796,1.222,365.313,42.66638061,340.1891652
C1CCC2C(C1)CC1C3C4CC2C143,303.96,503.282,1.317,370.335,43.26799674,344.7672156
C1CCC2C(C1)CC1C3CCCCC3C21,329.105,549.771,1.14,399.334,42.50746602,338.7126401
C1CCC2C(C1)CC1CC3CCCC2C31,329.105,549.771,1.14,399.334,42.44935576,338.4810407
C1CCC2C(C1)CC1CCCC3CC2C13,329.105,549.771,1.14,399.334,42.55576496,338.9050159
C1CCC2C(C1)CCC13CC1CCCC23,319.667,541.952,1.169,394.729,42.90688965,340.3002848
C1CCC2C(C1)CCC1C3CC3CCC21,329.105,549.771,1.14,399.334,42.43904359,338.4399248
C1CCC2C(C1)CCC1CC3CC3CC12,329.105,549.771,1.14,399.334,42.86566926,340.1367833
C1CCC2C(C1)CCC1CC3CCC12C3,319.667,541.952,1.169,394.729,42.0906491,337.047886
C1CCC2C(C1)CCC1CCCC3CC132,319.667,541.952,1.169,394.729,42.4507658,338.4866623
C1CCC2C3CCC(C1)C21CCCC1C3,319.667,541.952,1.169,394.729,42.26155107,337.7314558
C1CCC2CC34CCCCC3(CC2C1)C4,309.582,533.849,1.2,389.947,42.4992548,338.6799238
C1CCC2CC3C4CCC(C4)C3CC2C1,329.105,549.771,1.14,399.334,42.22766349,337.596023
C1CCC2CC3CCC(CC2C1)C31CC1,319.667,541.952,1.169,394.729,43.49901078,342.6403352
C1CCC2CCC3CCC4CCC(C1)C243,319.667,541.952,1.169,394.729,42.13844721,337.2392073
C12C3C4C1C1C4C4C5C3C2C5C14,313.428,484.814,1.718,361.265,42.53677377908347,347.69252544133843
C1C2C1C1CC3C4CC4C4CC2C1C43,328.206,526.535,1.416,387.432,42.772104898405125,344.2339481024266
C1C2CC34CCC3(CC12)CC1CC1C4,303.811,512.704,1.335,377.509,42.51188152,341.1124793
C1C2CC3C(CC12)C1CC2CC2CC31,324.063,530.152,1.265,387.861,42.59243725,341.4355132
C1C2CC3C4CC5C3C2C2C1CC4C52,433.15,543.75,1.37,387.432,40.68625309,335.7354763
C1CC12C1(CC1)C1(CC1)C21CC1,349.15,531.3499999999999,1.19,336.815,43.4269441,346.1514656
C1CC2(C1)C1C3CC(C4CC43)C12,292.857,509.04999999999995,1.16,356.881,42.7349748,343.3825852
C1CC2(CC2)C2C1C1CCC2C12CC2,307.15,555.25,1.11,377.509,42.39207365,340.631475
C1CC23CCC12CC12CCC1(CC2)C3,280.329,493.771,1.412,366.211,42.89344387485237,342.63987501157095
C1CC2C(C1)C1C3CC4C(C23)C41,304.108,493.442,1.294,362.905,41.37180028,337.861534
C1CC2C3CCC4C1C1C4C4C3C2C14,328.206,526.535,1.416,387.432,45.38726597795065,354.6013605664543
C1CC2CC1C13C4CC5C(C41)C253,286.211,468.021,1.566,349.457,42.10575474,343.3253074
C1CC2CC1C1C2C2C3CCC(C3)C12,324.063,542.65,1.092,387.861,41.92596153,338.7536321
C1CC2CC1C1C3CC(C4CCC43)C21,324.063,530.152,1.265,387.861,42.0165874,339.1195541
C1CC2CCC34CC3C3CC3C(C1)C24,314.284,521.599,1.299,382.793,42.10935662,339.493722
C1CC2CCCC3C2C(C1)C1C2C3C12,324.063,530.152,1.265,387.861,42.16865713,339.7326839
C1CC2CCCC3C4CC(C4)C(C1)C23,319.8,533.712,1.149,388.199,42.30207439,338.2817739
C1CCC2(C1)C1CC3CC(C1)CC2C3,309.725,550.05,1.01,383.239,41.81766887,336.339347
C1CCC2(CC1)CC1C3CCC(C3)C12,309.725,525.297,1.179,383.239,43.18434069876922,341.79122905823056
C1CCC23C4CCC5C(CCC52C1)C43,303.811,512.704,1.335,377.509,41.78305609,338.1758152
C1CCC23C4CCC5C6C4C2C6C53C1,308.555,508.789,1.498,376.846,41.21831167753615,340.04810345146706
C1CCC23C4CCC5C6C4C6C2C53C1,308.555,508.789,1.498,376.846,41.31358633,338.3138945
C1CCC2C(C1)C1C3CC3C2C2CC21,324.063,530.152,1.265,387.861,42.52292444,341.1567802
C1CCC2C(C1)C1C3CCC(CC3)C21,319.8,533.712,1.149,388.199,42.32164023,338.3599971
C1CCC2C(C1)C1C3CCC3C3C2C13,324.063,530.152,1.265,387.861,42.34330321,340.4354769
C1CCC2C(C1)C1CC3CCC(C1)C32,319.8,533.712,1.149,388.199,42.07176557,337.3596488
C1CCC2C(C1)CC1C3CCC(C3)C21,319.8,544.25,0.994,388.199,41.93621112,336.8157271
C1CCC2C(C1)CC1CC3(CCC3)C12,309.725,525.297,1.179,383.239,42.64550106,339.6521576
C1CCC2CC3C(CC2C1)C1C2C3C12,324.063,530.152,1.265,387.861,42.28761491,340.2115394
C1C2C3CC4C2C2CC5C(C12)C3C45,318.841,522.75,1.269,375.261,40.78873037,336.960758
C1C2CC1C1CC3C4CC(C4)CC3C1C2,333.111,546.461,1.248,399.107,42.33490285,339.8637912
C1CC23CC45CCCC4(C5)C2(C1)C3,267.209,472.896,1.436,352.18,41.96362433,339.5307107
C1CC2CC1C1CC3C4CCC(C4)C3C21,333.111,561.8499999999999,1.063,399.107,41.64616044,337.0878491
C1CCC2(CC1)C1CC3CC(C1)CC2C3,319.667,569.25,1,394.729,42.03088221,336.8085043
C1CCC2C(C1)C21CC12C1CCCCC12,314.146,573.8499999999999,1.09,389.527,43.36893862,343.989361
C1CCC2C(C1)CC13CCC(CC1)CC23,319.667,541.952,1.169,394.729,42.07332518,336.9785167
C1CCC2C(C1)CC13CCC(CCC21)C3,319.667,569.25,1,394.729,42.14719264,337.2742009
C1CCC2C(C1)CC1CC3(CCCC3)C12,319.667,541.952,1.169,394.729,42.35486139,338.104093
C1CCC2C(C1)CC1CC3CC(C1)C2C3,329.105,549.771,1.14,399.334,42.32925693,338.0018818
C1CCC2C(C1)CCC13CC(CCC21)C3,319.667,541.952,1.169,394.729,42.50050305,338.6848974
C1CCC2C(C1)CCC13CCC(CC1)C23,319.667,541.952,1.169,394.729,42.12506579,337.1856565
C1CCC2C(C1)CCC13CCC(CC21)C3,319.667,569.25,1,394.729,42.18503815,337.4255923
C1CCC2C(C1)CCC13CCCC(C1)C23,319.667,541.952,1.169,394.729,42.52617431,338.7871686
C1CCC2C(C1)CCC1C3CC(C3)CC21,329.105,549.771,1.14,399.334,42.43710444,338.4321926
C1CCC2C(C1)CCC1C3CCC(C3)C21,329.105,549.771,1.14,399.334,42.36830959,338.1577649
C1CCC2C(C1)CCC1CC3(CCC3)C12,319.667,541.952,1.169,394.729,42.90185556922347,340.2803211953979
C1CCC2C(CC1)C1C3CCC(CC3)C21,329.105,549.771,1.14,399.334,42.48694443,338.630869
C1CCC2C3CC4CC(CC(C4)C2C1)C3,329.105,549.771,1.14,399.334,42.05789162,336.9167049
C1CCCC2(CC1)CC1C3CCC(C3)C12,319.667,541.952,1.169,394.729,42.5770545,338.989778
C1C2C3C2C2C1C3C1C3CC4C1C4C32,332.235,522.858,1.617,386.91,43.33480504556463,348.66927692865966
C1C2CC3C4CC5CC(C14)C(C2)C3C5,517.15,542.65,1.092,387.861,40.85542514,334.400803
C1CC23CC2(C1)CC12CCCC1(C2)C3,280.329,568.3499999999999,1.12,366.211,42.08169919,339.3822139
C1CC2CC1C1C2C2C3CC4C(C31)C42,328.206,542.25,1.213,387.432,41.25951298,338.0924207
C1CCC23C4C5CCC6C4C2(C1)C6C53,308.555,508.789,1.498,376.846,42.16936988765268,341.79990848777
C1CCC2C(C1)C1C3C4C2C2C1C2C34,328.206,526.535,1.416,387.432,41.50412923,339.0931679
C1CCC2C(C1)C1C3C4C2C2C1C3C42,328.206,526.535,1.416,387.432,42.2958885552634,342.3122671255039
C1CC2(CC2)C2C1C1C3CC3C2C12CC2,318.573,526.677,1.464,389.018,42.42684458,342.142407
C1CC2C(C1)C1CC2C2C3CCC(C3)C12,333.111,546.461,1.248,399.107,41.76530225137118,337.5696771121168
C1CC2C3C(C4CC4C34CC4)C1C21CC1,318.573,574.15,1.19,389.018,43.32851846,345.758973
C12C3C4C1C1C2C2C1C1C5C4C3C5C21,336.158,519.119,1.887,386.297,43.215506985396104,350.4555054403504
C1C2C1C1C3C2C2C4C5CC5C(C43)C12,332.235,522.858,1.617,386.91,41.44600937,340.9860546
C1C2C3C4C1C1C2C2C5CC(C32)C4C51,433.15,543.75,1.37,386.91,39.87123684,334.4453111
